4,02,20JUN31A002D1A122080,1,D1A,31A002,,2,,,,20,80,,,,,,,,,benefit,1,,,,,,,,,,,,,,,,,,,8000003,2020-02-12 00:00:00,8000003,2020-06-05 19:15:35
4,02,20JUN31A002D1A222080,2,D1A,31A002,,2,,,,20,80,,,,,,,,,benefit,1,,,,,,,,,,,,,,,,,,,8000003,2020-02-12 00:00:00,8000003,2020-06-05 19:15:35
4,02,20JUN31A002D1A322080,3,D1A,31A002,,2,,,,20,80,,,,,,,,,benefit,1,,,,,,,,,,,,,,,,,,,8000003,2020-02-12 00:00:00,8000003,2020-06-05 19:15:35
4,02,20JUN31A00231A122024,1,31A,31A002,,2,,,,20,24,,,,,,,,,benefit,5000,hosCovPayLimitClass,060,benefitPayConvCls,2,disHsptUnlmtDaysSpPrv,1,paymentPeriodClass,3,paymentPeriod,,,,,,,,,,8000003,2020-02-12 00:00:00,8000003,2020-06-05 19:15:35
4,02,20JUN31A00231A122529,1,31A,31A002,,2,,,,25,29,,,,,,,,,benefit,5000,hosCovPayLimitClass,060,benefitPayConvCls,2,disHsptUnlmtDaysSpPrv,1,paymentPeriodClass,3,paymentPeriod,,,,,,,,,,8000003,2020-02-12 00:00:00,8000003,2020-06-05 19:15:35
4,02,20JUN31A00231A123034,1,31A,31A002,,2,,,,30,34,,,,,,,,,benefit,5000,hosCovPayLimitClass,060,benefitPayConvCls,2,disHsptUnlmtDaysSpPrv,1,paymentPeriodClass,3,paymentPeriod,,,,,,,,,,8000003,2020-02-12 00:00:00,8000003,2020-06-05 19:15:35
4,02,20JUN31A00231A123539,1,31A,31A002,,2,,,,35,39,,,,,,,,,benefit,5000,hosCovPayLimitClass,060,benefitPayConvCls,2,disHsptUnlmtDaysSpPrv,1,paymentPeriodClass,3,paymentPeriod,,,,,,,,,,8000003,2020-02-12 00:00:00,8000003,2020-06-05 19:15:35
4,02,20JUN31A00231A124044,1,31A,31A002,,2,,,,40,44,,,,,,,,,benefit,5000,hosCovPayLimitClass,060,benefitPayConvCls,2,disHsptUnlmtDaysSpPrv,1,paymentPeriodClass,3,paymentPeriod,,,,,,,,,,8000003,2020-02-12 00:00:00,8000003,2020-06-05 19:15:35
4,02,20JUN31A00231A124549,1,31A,31A002,,2,,,,45,49,,,,,,,,,benefit,5000,hosCovPayLimitClass,060,benefitPayConvCls,2,disHsptUnlmtDaysSpPrv,1,paymentPeriodClass,3,paymentPeriod,,,,,,,,,,8000003,2020-02-12 00:00:00,8000003,2020-06-05 19:15:35
4,02,20JUN31A00231A125054,1,31A,31A002,,2,,,,50,54,,,,,,,,,benefit,5000,hosCovPayLimitClass,060,benefitPayConvCls,2,disHsptUnlmtDaysSpPrv,1,paymentPeriodClass,3,paymentPeriod,,,,,,,,,,8000003,2020-02-12 00:00:00,8000003,2020-06-05 19:15:35
4,02,20JUN31A00231A125559,1,31A,31A002,,2,,,,55,59,,,,,,,,,benefit,5000,hosCovPayLimitClass,060,benefitPayConvCls,2,disHsptUnlmtDaysSpPrv,1,paymentPeriodClass,3,paymentPeriod,,,,,,,,,,8000003,2020-02-12 00:00:00,8000003,2020-06-05 19:15:35
4,02,20JUN31A00231A126064,1,31A,31A002,,2,,,,60,64,,,,,,,,,benefit,5000,hosCovPayLimitClass,060,benefitPayConvCls,2,disHsptUnlmtDaysSpPrv,1,paymentPeriodClass,3,paymentPeriod,,,,,,,,,,8000003,2020-02-12 00:00:00,8000003,2020-06-05 19:15:35
4,02,20JUN31A00231A126569,1,31A,31A002,,2,,,,65,69,,,,,,,,,benefit,5000,hosCovPayLimitClass,060,benefitPayConvCls,2,disHsptUnlmtDaysSpPrv,1,paymentPeriodClass,3,paymentPeriod,,,,,,,,,,8000003,2020-02-12 00:00:00,8000003,2020-06-05 19:15:35
4,02,20JUN31A00231A127074,1,31A,31A002,,2,,,,70,74,,,,,,,,,benefit,5000,hosCovPayLimitClass,060,benefitPayConvCls,2,disHsptUnlmtDaysSpPrv,1,paymentPeriodClass,3,paymentPeriod,,,,,,,,,,8000003,2020-02-12 00:00:00,8000003,2020-06-05 19:15:35
4,02,20JUN31A00231A127579,1,31A,31A002,,2,,,,75,79,,,,,,,,,benefit,5000,hosCovPayLimitClass,060,benefitPayConvCls,2,disHsptUnlmtDaysSpPrv,1,paymentPeriodClass,3,paymentPeriod,,,,,,,,,,8000003,2020-02-12 00:00:00,8000003,2020-06-05 19:15:35
4,02,20JUN31A00231A128085,1,31A,31A002,,2,,,,80,85,,,,,,,,,benefit,5000,hosCovPayLimitClass,060,benefitPayConvCls,2,disHsptUnlmtDaysSpPrv,1,paymentPeriodClass,3,paymentPeriod,,,,,,,,,,8000003,2020-02-12 00:00:00,8000003,2020-06-05 19:15:35
4,02,20JUN31A00231A222024,2,31A,31A002,,2,,,,20,24,,,,,,,,,benefit,5000,hosCovPayLimitClass,060,benefitPayConvCls,2,disHsptUnlmtDaysSpPrv,1,paymentPeriodClass,3,paymentPeriod,,,,,,,,,,8000003,2020-02-12 00:00:00,8000003,2020-06-05 19:15:35
4,02,20JUN31A00231A222529,2,31A,31A002,,2,,,,25,29,,,,,,,,,benefit,5000,hosCovPayLimitClass,060,benefitPayConvCls,2,disHsptUnlmtDaysSpPrv,1,paymentPeriodClass,3,paymentPeriod,,,,,,,,,,8000003,2020-02-12 00:00:00,8000003,2020-06-05 19:15:35
4,02,20JUN31A00231A223034,2,31A,31A002,,2,,,,30,34,,,,,,,,,benefit,5000,hosCovPayLimitClass,060,benefitPayConvCls,2,disHsptUnlmtDaysSpPrv,1,paymentPeriodClass,3,paymentPeriod,,,,,,,,,,8000003,2020-02-12 00:00:00,8000003,2020-06-05 19:15:35
4,02,20JUN31A00231A223539,2,31A,31A002,,2,,,,35,39,,,,,,,,,benefit,5000,hosCovPayLimitClass,060,benefitPayConvCls,2,disHsptUnlmtDaysSpPrv,1,paymentPeriodClass,3,paymentPeriod,,,,,,,,,,8000003,2020-02-12 00:00:00,8000003,2020-06-05 19:15:35
4,02,20JUN31A00231A224044,2,31A,31A002,,2,,,,40,44,,,,,,,,,benefit,5000,hosCovPayLimitClass,060,benefitPayConvCls,2,disHsptUnlmtDaysSpPrv,1,paymentPeriodClass,3,paymentPeriod,,,,,,,,,,8000003,2020-02-12 00:00:00,8000003,2020-06-05 19:15:35
4,02,20JUN31A00231A224549,2,31A,31A002,,2,,,,45,49,,,,,,,,,benefit,5000,hosCovPayLimitClass,060,benefitPayConvCls,2,disHsptUnlmtDaysSpPrv,1,paymentPeriodClass,3,paymentPeriod,,,,,,,,,,8000003,2020-02-12 00:00:00,8000003,2020-06-05 19:15:35
4,02,20JUN31A00231A225054,2,31A,31A002,,2,,,,50,54,,,,,,,,,benefit,5000,hosCovPayLimitClass,060,benefitPayConvCls,2,disHsptUnlmtDaysSpPrv,1,paymentPeriodClass,3,paymentPeriod,,,,,,,,,,8000003,2020-02-12 00:00:00,8000003,2020-06-05 19:15:35
4,02,20JUN31A00231A225559,2,31A,31A002,,2,,,,55,59,,,,,,,,,benefit,5000,hosCovPayLimitClass,060,benefitPayConvCls,2,disHsptUnlmtDaysSpPrv,1,paymentPeriodClass,3,paymentPeriod,,,,,,,,,,8000003,2020-02-12 00:00:00,8000003,2020-06-05 19:15:35
4,02,20JUN31A00231A226064,2,31A,31A002,,2,,,,60,64,,,,,,,,,benefit,5000,hosCovPayLimitClass,060,benefitPayConvCls,2,disHsptUnlmtDaysSpPrv,1,paymentPeriodClass,3,paymentPeriod,,,,,,,,,,8000003,2020-02-12 00:00:00,8000003,2020-06-05 19:15:35
4,02,20JUN31A00231A226569,2,31A,31A002,,2,,,,65,69,,,,,,,,,benefit,5000,hosCovPayLimitClass,060,benefitPayConvCls,2,disHsptUnlmtDaysSpPrv,1,paymentPeriodClass,3,paymentPeriod,,,,,,,,,,8000003,2020-02-12 00:00:00,8000003,2020-06-05 19:15:35
4,02,20JUN31A00231A227074,2,31A,31A002,,2,,,,70,74,,,,,,,,,benefit,5000,hosCovPayLimitClass,060,benefitPayConvCls,2,disHsptUnlmtDaysSpPrv,1,paymentPeriodClass,3,paymentPeriod,,,,,,,,,,8000003,2020-02-12 00:00:00,8000003,2020-06-05 19:15:35
4,02,20JUN31A00231A227579,2,31A,31A002,,2,,,,75,79,,,,,,,,,benefit,5000,hosCovPayLimitClass,060,benefitPayConvCls,2,disHsptUnlmtDaysSpPrv,1,paymentPeriodClass,3,paymentPeriod,,,,,,,,,,8000003,2020-02-12 00:00:00,8000003,2020-06-05 19:15:35
4,02,20JUN31A00231A228085,2,31A,31A002,,2,,,,80,85,,,,,,,,,benefit,5000,hosCovPayLimitClass,060,benefitPayConvCls,2,disHsptUnlmtDaysSpPrv,1,paymentPeriodClass,3,paymentPeriod,,,,,,,,,,8000003,2020-02-12 00:00:00,8000003,2020-06-05 19:15:35
4,02,20JUN31A00231A322024,3,31A,31A002,,2,,,,20,24,,,,,,,,,benefit,5000,hosCovPayLimitClass,060,benefitPayConvCls,2,disHsptUnlmtDaysSpPrv,1,paymentPeriodClass,3,paymentPeriod,,,,,,,,,,8000003,2020-02-12 00:00:00,8000003,2020-06-05 19:15:35
4,02,20JUN31A00231A322529,3,31A,31A002,,2,,,,25,29,,,,,,,,,benefit,5000,hosCovPayLimitClass,060,benefitPayConvCls,2,disHsptUnlmtDaysSpPrv,1,paymentPeriodClass,3,paymentPeriod,,,,,,,,,,8000003,2020-02-12 00:00:00,8000003,2020-06-05 19:15:35
4,02,20JUN31A00231A323034,3,31A,31A002,,2,,,,30,34,,,,,,,,,benefit,5000,hosCovPayLimitClass,060,benefitPayConvCls,2,disHsptUnlmtDaysSpPrv,1,paymentPeriodClass,3,paymentPeriod,,,,,,,,,,8000003,2020-02-12 00:00:00,8000003,2020-06-05 19:15:35
4,02,20JUN31A00231A323539,3,31A,31A002,,2,,,,35,39,,,,,,,,,benefit,5000,hosCovPayLimitClass,060,benefitPayConvCls,2,disHsptUnlmtDaysSpPrv,1,paymentPeriodClass,3,paymentPeriod,,,,,,,,,,8000003,2020-02-12 00:00:00,8000003,2020-06-05 19:15:35
4,02,20JUN31A00231A324044,3,31A,31A002,,2,,,,40,44,,,,,,,,,benefit,5000,hosCovPayLimitClass,060,benefitPayConvCls,2,disHsptUnlmtDaysSpPrv,1,paymentPeriodClass,3,paymentPeriod,,,,,,,,,,8000003,2020-02-12 00:00:00,8000003,2020-06-05 19:15:35
4,02,20JUN31A00231A324549,3,31A,31A002,,2,,,,45,49,,,,,,,,,benefit,5000,hosCovPayLimitClass,060,benefitPayConvCls,2,disHsptUnlmtDaysSpPrv,1,paymentPeriodClass,3,paymentPeriod,,,,,,,,,,8000003,2020-02-12 00:00:00,8000003,2020-06-05 19:15:35
4,02,20JUN31A00231A325054,3,31A,31A002,,2,,,,50,54,,,,,,,,,benefit,5000,hosCovPayLimitClass,060,benefitPayConvCls,2,disHsptUnlmtDaysSpPrv,1,paymentPeriodClass,3,paymentPeriod,,,,,,,,,,8000003,2020-02-12 00:00:00,8000003,2020-06-05 19:15:35
4,02,20JUN31A00231A325559,3,31A,31A002,,2,,,,55,59,,,,,,,,,benefit,5000,hosCovPayLimitClass,060,benefitPayConvCls,2,disHsptUnlmtDaysSpPrv,1,paymentPeriodClass,3,paymentPeriod,,,,,,,,,,8000003,2020-02-12 00:00:00,8000003,2020-06-05 19:15:35
4,02,20JUN31A00231A326064,3,31A,31A002,,2,,,,60,64,,,,,,,,,benefit,5000,hosCovPayLimitClass,060,benefitPayConvCls,2,disHsptUnlmtDaysSpPrv,1,paymentPeriodClass,3,paymentPeriod,,,,,,,,,,8000003,2020-02-12 00:00:00,8000003,2020-06-05 19:15:35
4,02,20JUN31A00231A326569,3,31A,31A002,,2,,,,65,69,,,,,,,,,benefit,5000,hosCovPayLimitClass,060,benefitPayConvCls,2,disHsptUnlmtDaysSpPrv,1,paymentPeriodClass,3,paymentPeriod,,,,,,,,,,8000003,2020-02-12 00:00:00,8000003,2020-06-05 19:15:35
4,02,20JUN31A00231A327074,3,31A,31A002,,2,,,,70,74,,,,,,,,,benefit,5000,hosCovPayLimitClass,060,benefitPayConvCls,2,disHsptUnlmtDaysSpPrv,1,paymentPeriodClass,3,paymentPeriod,,,,,,,,,,8000003,2020-02-12 00:00:00,8000003,2020-06-05 19:15:35
4,02,20JUN31A00231A327579,3,31A,31A002,,2,,,,75,79,,,,,,,,,benefit,5000,hosCovPayLimitClass,060,benefitPayConvCls,2,disHsptUnlmtDaysSpPrv,1,paymentPeriodClass,3,paymentPeriod,,,,,,,,,,8000003,2020-02-12 00:00:00,8000003,2020-06-05 19:15:35
4,02,20JUN31A00231A328085,3,31A,31A002,,2,,,,80,85,,,,,,,,,benefit,5000,hosCovPayLimitClass,060,benefitPayConvCls,2,disHsptUnlmtDaysSpPrv,1,paymentPeriodClass,3,paymentPeriod,,,,,,,,,,8000003,2020-02-12 00:00:00,8000003,2020-06-05 19:15:35
4,02,20JUN31A002D1G222024,2,D1G,31A002,,2,,,,20,24,,,,,,,,,benefit,500000,disHsptUnlmtDaysSpPrv,3,benefitFirstPayConvCls,1,,,,,,,,,,,,,,,8000003,2020-02-12 00:00:00,8000003,2020-06-05 19:15:35
4,02,20JUN31A002D1G222529,2,D1G,31A002,,2,,,,25,29,,,,,,,,,benefit,500000,disHsptUnlmtDaysSpPrv,3,benefitFirstPayConvCls,1,,,,,,,,,,,,,,,8000003,2020-02-12 00:00:00,8000003,2020-06-05 19:15:35
4,02,20JUN31A002D1G223034,2,D1G,31A002,,2,,,,30,34,,,,,,,,,benefit,500000,disHsptUnlmtDaysSpPrv,3,benefitFirstPayConvCls,1,,,,,,,,,,,,,,,8000003,2020-02-12 00:00:00,8000003,2020-06-05 19:15:35
4,02,20JUN31A002D1G223539,2,D1G,31A002,,2,,,,35,39,,,,,,,,,benefit,500000,disHsptUnlmtDaysSpPrv,3,benefitFirstPayConvCls,1,,,,,,,,,,,,,,,8000003,2020-02-12 00:00:00,8000003,2020-06-05 19:15:35
4,02,20JUN31A002D1G224044,2,D1G,31A002,,2,,,,40,44,,,,,,,,,benefit,500000,disHsptUnlmtDaysSpPrv,3,benefitFirstPayConvCls,1,,,,,,,,,,,,,,,8000003,2020-02-12 00:00:00,8000003,2020-06-05 19:15:35
4,02,20JUN31A002D1G224549,2,D1G,31A002,,2,,,,45,49,,,,,,,,,benefit,500000,disHsptUnlmtDaysSpPrv,3,benefitFirstPayConvCls,1,,,,,,,,,,,,,,,8000003,2020-02-12 00:00:00,8000003,2020-06-05 19:15:35
4,02,20JUN31A002D1G225054,2,D1G,31A002,,2,,,,50,54,,,,,,,,,benefit,500000,disHsptUnlmtDaysSpPrv,3,benefitFirstPayConvCls,1,,,,,,,,,,,,,,,8000003,2020-02-12 00:00:00,8000003,2020-06-05 19:15:35
4,02,20JUN31A002D1G225559,2,D1G,31A002,,2,,,,55,59,,,,,,,,,benefit,500000,disHsptUnlmtDaysSpPrv,3,benefitFirstPayConvCls,1,,,,,,,,,,,,,,,8000003,2020-02-12 00:00:00,8000003,2020-06-05 19:15:35
4,02,20JUN31A002D1G226064,2,D1G,31A002,,2,,,,60,64,,,,,,,,,benefit,500000,disHsptUnlmtDaysSpPrv,3,benefitFirstPayConvCls,1,,,,,,,,,,,,,,,8000003,2020-02-12 00:00:00,8000003,2020-06-05 19:15:35
4,02,20JUN31A002D1G226569,2,D1G,31A002,,2,,,,65,69,,,,,,,,,benefit,500000,disHsptUnlmtDaysSpPrv,3,benefitFirstPayConvCls,1,,,,,,,,,,,,,,,8000003,2020-02-12 00:00:00,8000003,2020-06-05 19:15:35
4,02,20JUN31A002D1G227074,2,D1G,31A002,,2,,,,70,74,,,,,,,,,benefit,500000,disHsptUnlmtDaysSpPrv,3,benefitFirstPayConvCls,1,,,,,,,,,,,,,,,8000003,2020-02-12 00:00:00,8000003,2020-06-05 19:15:35
4,02,20JUN31A002D1G227579,2,D1G,31A002,,2,,,,75,79,,,,,,,,,benefit,500000,disHsptUnlmtDaysSpPrv,3,benefitFirstPayConvCls,1,,,,,,,,,,,,,,,8000003,2020-02-12 00:00:00,8000003,2020-06-05 19:15:35
4,02,20JUN31A002D1G228085,2,D1G,31A002,,2,,,,80,85,,,,,,,,,benefit,500000,disHsptUnlmtDaysSpPrv,3,benefitFirstPayConvCls,1,,,,,,,,,,,,,,,8000003,2020-02-12 00:00:00,8000003,2020-06-05 19:15:35
4,02,20JUN31A002D1G322024,3,D1G,31A002,,2,,,,20,24,,,,,,,,,benefit,500000,disHsptUnlmtDaysSpPrv,2,benefitFirstPayConvCls,1,,,,,,,,,,,,,,,8000003,2020-02-12 00:00:00,8000003,2020-06-05 19:15:35
4,02,20JUN31A002D1G322529,3,D1G,31A002,,2,,,,25,29,,,,,,,,,benefit,500000,disHsptUnlmtDaysSpPrv,2,benefitFirstPayConvCls,1,,,,,,,,,,,,,,,8000003,2020-02-12 00:00:00,8000003,2020-06-05 19:15:35
4,02,20JUN31A002D1G323034,3,D1G,31A002,,2,,,,30,34,,,,,,,,,benefit,500000,disHsptUnlmtDaysSpPrv,2,benefitFirstPayConvCls,1,,,,,,,,,,,,,,,8000003,2020-02-12 00:00:00,8000003,2020-06-05 19:15:35
4,02,20JUN31A002D1G323539,3,D1G,31A002,,2,,,,35,39,,,,,,,,,benefit,500000,disHsptUnlmtDaysSpPrv,2,benefitFirstPayConvCls,1,,,,,,,,,,,,,,,8000003,2020-02-12 00:00:00,8000003,2020-06-05 19:15:35
4,02,20JUN31A002D1G324044,3,D1G,31A002,,2,,,,40,44,,,,,,,,,benefit,500000,disHsptUnlmtDaysSpPrv,2,benefitFirstPayConvCls,1,,,,,,,,,,,,,,,8000003,2020-02-12 00:00:00,8000003,2020-06-05 19:15:35
4,02,20JUN31A002D1G324549,3,D1G,31A002,,2,,,,45,49,,,,,,,,,benefit,500000,disHsptUnlmtDaysSpPrv,2,benefitFirstPayConvCls,1,,,,,,,,,,,,,,,8000003,2020-02-12 00:00:00,8000003,2020-06-05 19:15:35
4,02,20JUN31A002D1G325054,3,D1G,31A002,,2,,,,50,54,,,,,,,,,benefit,500000,disHsptUnlmtDaysSpPrv,2,benefitFirstPayConvCls,1,,,,,,,,,,,,,,,8000003,2020-02-12 00:00:00,8000003,2020-06-05 19:15:35
4,02,20JUN31A002D1G325559,3,D1G,31A002,,2,,,,55,59,,,,,,,,,benefit,500000,disHsptUnlmtDaysSpPrv,2,benefitFirstPayConvCls,1,,,,,,,,,,,,,,,8000003,2020-02-12 00:00:00,8000003,2020-06-05 19:15:35
4,02,20JUN31A002D1G326064,3,D1G,31A002,,2,,,,60,64,,,,,,,,,benefit,500000,disHsptUnlmtDaysSpPrv,2,benefitFirstPayConvCls,1,,,,,,,,,,,,,,,8000003,2020-02-12 00:00:00,8000003,2020-06-05 19:15:35
4,02,20JUN31A002D1G326569,3,D1G,31A002,,2,,,,65,69,,,,,,,,,benefit,500000,disHsptUnlmtDaysSpPrv,2,benefitFirstPayConvCls,1,,,,,,,,,,,,,,,8000003,2020-02-12 00:00:00,8000003,2020-06-05 19:15:35
4,02,20JUN31A002D1G327074,3,D1G,31A002,,2,,,,70,74,,,,,,,,,benefit,500000,disHsptUnlmtDaysSpPrv,2,benefitFirstPayConvCls,1,,,,,,,,,,,,,,,8000003,2020-02-12 00:00:00,8000003,2020-06-05 19:15:35
4,02,20JUN31A002D1G327579,3,D1G,31A002,,2,,,,75,79,,,,,,,,,benefit,500000,disHsptUnlmtDaysSpPrv,2,benefitFirstPayConvCls,1,,,,,,,,,,,,,,,8000003,2020-02-12 00:00:00,8000003,2020-06-05 19:15:35
4,02,20JUN31A002D1G328085,3,D1G,31A002,,2,,,,80,85,,,,,,,,,benefit,500000,disHsptUnlmtDaysSpPrv,2,benefitFirstPayConvCls,1,,,,,,,,,,,,,,,8000003,2020-02-12 00:00:00,8000003,2020-06-05 19:15:35
4,02,20JUN31A002D1A112080,1,D1A,31A002,,1,,,,20,80,,,,,,,,,benefit,1,,,,,,,,,,,,,,,,,,,8000003,2020-02-12 00:00:00,8000003,2020-06-05 19:15:35
4,02,20JUN31A002D1A212080,2,D1A,31A002,,1,,,,20,80,,,,,,,,,benefit,1,,,,,,,,,,,,,,,,,,,8000003,2020-02-12 00:00:00,8000003,2020-06-05 19:15:35
4,02,20JUN31A002D1A312080,3,D1A,31A002,,1,,,,20,80,,,,,,,,,benefit,1,,,,,,,,,,,,,,,,,,,8000003,2020-02-12 00:00:00,8000003,2020-06-05 19:15:35
4,02,20JUN31A00231A112024,1,31A,31A002,,1,,,,20,24,,,,,,,,,benefit,5000,hosCovPayLimitClass,060,benefitPayConvCls,2,disHsptUnlmtDaysSpPrv,1,paymentPeriodClass,3,paymentPeriod,,,,,,,,,,8000003,2020-02-12 00:00:00,8000003,2020-06-05 19:15:35
4,02,20JUN31A00231A112529,1,31A,31A002,,1,,,,25,29,,,,,,,,,benefit,5000,hosCovPayLimitClass,060,benefitPayConvCls,2,disHsptUnlmtDaysSpPrv,1,paymentPeriodClass,3,paymentPeriod,,,,,,,,,,8000003,2020-02-12 00:00:00,8000003,2020-06-05 19:15:35
4,02,20JUN31A00231A113034,1,31A,31A002,,1,,,,30,34,,,,,,,,,benefit,5000,hosCovPayLimitClass,060,benefitPayConvCls,2,disHsptUnlmtDaysSpPrv,1,paymentPeriodClass,3,paymentPeriod,,,,,,,,,,8000003,2020-02-12 00:00:00,8000003,2020-06-05 19:15:35
4,02,20JUN31A00231A113539,1,31A,31A002,,1,,,,35,39,,,,,,,,,benefit,5000,hosCovPayLimitClass,060,benefitPayConvCls,2,disHsptUnlmtDaysSpPrv,1,paymentPeriodClass,3,paymentPeriod,,,,,,,,,,8000003,2020-02-12 00:00:00,8000003,2020-06-05 19:15:35
4,02,20JUN31A00231A114044,1,31A,31A002,,1,,,,40,44,,,,,,,,,benefit,5000,hosCovPayLimitClass,060,benefitPayConvCls,2,disHsptUnlmtDaysSpPrv,1,paymentPeriodClass,3,paymentPeriod,,,,,,,,,,8000003,2020-02-12 00:00:00,8000003,2020-06-05 19:15:35
4,02,20JUN31A00231A114549,1,31A,31A002,,1,,,,45,49,,,,,,,,,benefit,5000,hosCovPayLimitClass,060,benefitPayConvCls,2,disHsptUnlmtDaysSpPrv,1,paymentPeriodClass,3,paymentPeriod,,,,,,,,,,8000003,2020-02-12 00:00:00,8000003,2020-06-05 19:15:35
4,02,20JUN31A00231A115054,1,31A,31A002,,1,,,,50,54,,,,,,,,,benefit,5000,hosCovPayLimitClass,060,benefitPayConvCls,2,disHsptUnlmtDaysSpPrv,1,paymentPeriodClass,3,paymentPeriod,,,,,,,,,,8000003,2020-02-12 00:00:00,8000003,2020-06-05 19:15:35
4,02,20JUN31A00231A115559,1,31A,31A002,,1,,,,55,59,,,,,,,,,benefit,5000,hosCovPayLimitClass,060,benefitPayConvCls,2,disHsptUnlmtDaysSpPrv,1,paymentPeriodClass,3,paymentPeriod,,,,,,,,,,8000003,2020-02-12 00:00:00,8000003,2020-06-05 19:15:35
4,02,20JUN31A00231A116064,1,31A,31A002,,1,,,,60,64,,,,,,,,,benefit,5000,hosCovPayLimitClass,060,benefitPayConvCls,2,disHsptUnlmtDaysSpPrv,1,paymentPeriodClass,3,paymentPeriod,,,,,,,,,,8000003,2020-02-12 00:00:00,8000003,2020-06-05 19:15:35
4,02,20JUN31A00231A116569,1,31A,31A002,,1,,,,65,69,,,,,,,,,benefit,5000,hosCovPayLimitClass,060,benefitPayConvCls,2,disHsptUnlmtDaysSpPrv,1,paymentPeriodClass,3,paymentPeriod,,,,,,,,,,8000003,2020-02-12 00:00:00,8000003,2020-06-05 19:15:35
4,02,20JUN31A00231A117074,1,31A,31A002,,1,,,,70,74,,,,,,,,,benefit,5000,hosCovPayLimitClass,060,benefitPayConvCls,2,disHsptUnlmtDaysSpPrv,1,paymentPeriodClass,3,paymentPeriod,,,,,,,,,,8000003,2020-02-12 00:00:00,8000003,2020-06-05 19:15:35
4,02,20JUN31A00231A117579,1,31A,31A002,,1,,,,75,79,,,,,,,,,benefit,5000,hosCovPayLimitClass,060,benefitPayConvCls,2,disHsptUnlmtDaysSpPrv,1,paymentPeriodClass,3,paymentPeriod,,,,,,,,,,8000003,2020-02-12 00:00:00,8000003,2020-06-05 19:15:35
4,02,20JUN31A00231A118085,1,31A,31A002,,1,,,,80,85,,,,,,,,,benefit,5000,hosCovPayLimitClass,060,benefitPayConvCls,2,disHsptUnlmtDaysSpPrv,1,paymentPeriodClass,3,paymentPeriod,,,,,,,,,,8000003,2020-02-12 00:00:00,8000003,2020-06-05 19:15:35
4,02,20JUN31A00231A212024,2,31A,31A002,,1,,,,20,24,,,,,,,,,benefit,5000,hosCovPayLimitClass,060,benefitPayConvCls,2,disHsptUnlmtDaysSpPrv,1,paymentPeriodClass,3,paymentPeriod,,,,,,,,,,8000003,2020-02-12 00:00:00,8000003,2020-06-05 19:15:35
4,02,20JUN31A00231A212529,2,31A,31A002,,1,,,,25,29,,,,,,,,,benefit,5000,hosCovPayLimitClass,060,benefitPayConvCls,2,disHsptUnlmtDaysSpPrv,1,paymentPeriodClass,3,paymentPeriod,,,,,,,,,,8000003,2020-02-12 00:00:00,8000003,2020-06-05 19:15:35
4,02,20JUN31A00231A213034,2,31A,31A002,,1,,,,30,34,,,,,,,,,benefit,5000,hosCovPayLimitClass,060,benefitPayConvCls,2,disHsptUnlmtDaysSpPrv,1,paymentPeriodClass,3,paymentPeriod,,,,,,,,,,8000003,2020-02-12 00:00:00,8000003,2020-06-05 19:15:35
4,02,20JUN31A00231A213539,2,31A,31A002,,1,,,,35,39,,,,,,,,,benefit,5000,hosCovPayLimitClass,060,benefitPayConvCls,2,disHsptUnlmtDaysSpPrv,1,paymentPeriodClass,3,paymentPeriod,,,,,,,,,,8000003,2020-02-12 00:00:00,8000003,2020-06-05 19:15:35
4,02,20JUN31A00231A214044,2,31A,31A002,,1,,,,40,44,,,,,,,,,benefit,5000,hosCovPayLimitClass,060,benefitPayConvCls,2,disHsptUnlmtDaysSpPrv,1,paymentPeriodClass,3,paymentPeriod,,,,,,,,,,8000003,2020-02-12 00:00:00,8000003,2020-06-05 19:15:35
4,02,20JUN31A00231A214549,2,31A,31A002,,1,,,,45,49,,,,,,,,,benefit,5000,hosCovPayLimitClass,060,benefitPayConvCls,2,disHsptUnlmtDaysSpPrv,1,paymentPeriodClass,3,paymentPeriod,,,,,,,,,,8000003,2020-02-12 00:00:00,8000003,2020-06-05 19:15:35
4,02,20JUN31A00231A215054,2,31A,31A002,,1,,,,50,54,,,,,,,,,benefit,5000,hosCovPayLimitClass,060,benefitPayConvCls,2,disHsptUnlmtDaysSpPrv,1,paymentPeriodClass,3,paymentPeriod,,,,,,,,,,8000003,2020-02-12 00:00:00,8000003,2020-06-05 19:15:35
4,02,20JUN31A00231A215559,2,31A,31A002,,1,,,,55,59,,,,,,,,,benefit,5000,hosCovPayLimitClass,060,benefitPayConvCls,2,disHsptUnlmtDaysSpPrv,1,paymentPeriodClass,3,paymentPeriod,,,,,,,,,,8000003,2020-02-12 00:00:00,8000003,2020-06-05 19:15:35
4,02,20JUN31A00231A216064,2,31A,31A002,,1,,,,60,64,,,,,,,,,benefit,5000,hosCovPayLimitClass,060,benefitPayConvCls,2,disHsptUnlmtDaysSpPrv,1,paymentPeriodClass,3,paymentPeriod,,,,,,,,,,8000003,2020-02-12 00:00:00,8000003,2020-06-05 19:15:35
4,02,20JUN31A00231A216569,2,31A,31A002,,1,,,,65,69,,,,,,,,,benefit,5000,hosCovPayLimitClass,060,benefitPayConvCls,2,disHsptUnlmtDaysSpPrv,1,paymentPeriodClass,3,paymentPeriod,,,,,,,,,,8000003,2020-02-12 00:00:00,8000003,2020-06-05 19:15:35
4,02,20JUN31A00231A217074,2,31A,31A002,,1,,,,70,74,,,,,,,,,benefit,5000,hosCovPayLimitClass,060,benefitPayConvCls,2,disHsptUnlmtDaysSpPrv,1,paymentPeriodClass,3,paymentPeriod,,,,,,,,,,8000003,2020-02-12 00:00:00,8000003,2020-06-05 19:15:35
4,02,20JUN31A00231A217579,2,31A,31A002,,1,,,,75,79,,,,,,,,,benefit,5000,hosCovPayLimitClass,060,benefitPayConvCls,2,disHsptUnlmtDaysSpPrv,1,paymentPeriodClass,3,paymentPeriod,,,,,,,,,,8000003,2020-02-12 00:00:00,8000003,2020-06-05 19:15:35
4,02,20JUN31A00231A218085,2,31A,31A002,,1,,,,80,85,,,,,,,,,benefit,5000,hosCovPayLimitClass,060,benefitPayConvCls,2,disHsptUnlmtDaysSpPrv,1,paymentPeriodClass,3,paymentPeriod,,,,,,,,,,8000003,2020-02-12 00:00:00,8000003,2020-06-05 19:15:35
4,02,20JUN31A00231A312024,3,31A,31A002,,1,,,,20,24,,,,,,,,,benefit,5000,hosCovPayLimitClass,060,benefitPayConvCls,2,disHsptUnlmtDaysSpPrv,1,paymentPeriodClass,3,paymentPeriod,,,,,,,,,,8000003,2020-02-12 00:00:00,8000003,2020-06-05 19:15:35
4,02,20JUN31A00231A312529,3,31A,31A002,,1,,,,25,29,,,,,,,,,benefit,5000,hosCovPayLimitClass,060,benefitPayConvCls,2,disHsptUnlmtDaysSpPrv,1,paymentPeriodClass,3,paymentPeriod,,,,,,,,,,8000003,2020-02-12 00:00:00,8000003,2020-06-05 19:15:35
4,02,20JUN31A00231A313034,3,31A,31A002,,1,,,,30,34,,,,,,,,,benefit,5000,hosCovPayLimitClass,060,benefitPayConvCls,2,disHsptUnlmtDaysSpPrv,1,paymentPeriodClass,3,paymentPeriod,,,,,,,,,,8000003,2020-02-12 00:00:00,8000003,2020-06-05 19:15:35
4,02,20JUN31A00231A313539,3,31A,31A002,,1,,,,35,39,,,,,,,,,benefit,5000,hosCovPayLimitClass,060,benefitPayConvCls,2,disHsptUnlmtDaysSpPrv,1,paymentPeriodClass,3,paymentPeriod,,,,,,,,,,8000003,2020-02-12 00:00:00,8000003,2020-06-05 19:15:35
4,02,20JUN31A00231A314044,3,31A,31A002,,1,,,,40,44,,,,,,,,,benefit,5000,hosCovPayLimitClass,060,benefitPayConvCls,2,disHsptUnlmtDaysSpPrv,1,paymentPeriodClass,3,paymentPeriod,,,,,,,,,,8000003,2020-02-12 00:00:00,8000003,2020-06-05 19:15:35
4,02,20JUN31A00231A314549,3,31A,31A002,,1,,,,45,49,,,,,,,,,benefit,5000,hosCovPayLimitClass,060,benefitPayConvCls,2,disHsptUnlmtDaysSpPrv,1,paymentPeriodClass,3,paymentPeriod,,,,,,,,,,8000003,2020-02-12 00:00:00,8000003,2020-06-05 19:15:35
4,02,20JUN31A00231A315054,3,31A,31A002,,1,,,,50,54,,,,,,,,,benefit,5000,hosCovPayLimitClass,060,benefitPayConvCls,2,disHsptUnlmtDaysSpPrv,1,paymentPeriodClass,3,paymentPeriod,,,,,,,,,,8000003,2020-02-12 00:00:00,8000003,2020-06-05 19:15:35
4,02,20JUN31A00231A315559,3,31A,31A002,,1,,,,55,59,,,,,,,,,benefit,5000,hosCovPayLimitClass,060,benefitPayConvCls,2,disHsptUnlmtDaysSpPrv,1,paymentPeriodClass,3,paymentPeriod,,,,,,,,,,8000003,2020-02-12 00:00:00,8000003,2020-06-05 19:15:35
4,02,20JUN31A00231A316064,3,31A,31A002,,1,,,,60,64,,,,,,,,,benefit,5000,hosCovPayLimitClass,060,benefitPayConvCls,2,disHsptUnlmtDaysSpPrv,1,paymentPeriodClass,3,paymentPeriod,,,,,,,,,,8000003,2020-02-12 00:00:00,8000003,2020-06-05 19:15:35
4,02,20JUN31A00231A316569,3,31A,31A002,,1,,,,65,69,,,,,,,,,benefit,5000,hosCovPayLimitClass,060,benefitPayConvCls,2,disHsptUnlmtDaysSpPrv,1,paymentPeriodClass,3,paymentPeriod,,,,,,,,,,8000003,2020-02-12 00:00:00,8000003,2020-06-05 19:15:35
4,02,20JUN31A00231A317074,3,31A,31A002,,1,,,,70,74,,,,,,,,,benefit,5000,hosCovPayLimitClass,060,benefitPayConvCls,2,disHsptUnlmtDaysSpPrv,1,paymentPeriodClass,3,paymentPeriod,,,,,,,,,,8000003,2020-02-12 00:00:00,8000003,2020-06-05 19:15:35
4,02,20JUN31A00231A317579,3,31A,31A002,,1,,,,75,79,,,,,,,,,benefit,5000,hosCovPayLimitClass,060,benefitPayConvCls,2,disHsptUnlmtDaysSpPrv,1,paymentPeriodClass,3,paymentPeriod,,,,,,,,,,8000003,2020-02-12 00:00:00,8000003,2020-06-05 19:15:35
4,02,20JUN31A00231A318085,3,31A,31A002,,1,,,,80,85,,,,,,,,,benefit,5000,hosCovPayLimitClass,060,benefitPayConvCls,2,disHsptUnlmtDaysSpPrv,1,paymentPeriodClass,3,paymentPeriod,,,,,,,,,,8000003,2020-02-12 00:00:00,8000003,2020-06-05 19:15:35
4,02,20JUN31A002D1G212024,2,D1G,31A002,,1,,,,20,24,,,,,,,,,benefit,500000,disHsptUnlmtDaysSpPrv,3,benefitFirstPayConvCls,1,,,,,,,,,,,,,,,8000003,2020-02-12 00:00:00,8000003,2020-06-05 19:15:35
4,02,20JUN31A002D1G212529,2,D1G,31A002,,1,,,,25,29,,,,,,,,,benefit,500000,disHsptUnlmtDaysSpPrv,3,benefitFirstPayConvCls,1,,,,,,,,,,,,,,,8000003,2020-02-12 00:00:00,8000003,2020-06-05 19:15:35
4,02,20JUN31A002D1G213034,2,D1G,31A002,,1,,,,30,34,,,,,,,,,benefit,500000,disHsptUnlmtDaysSpPrv,3,benefitFirstPayConvCls,1,,,,,,,,,,,,,,,8000003,2020-02-12 00:00:00,8000003,2020-06-05 19:15:35
4,02,20JUN31A002D1G213539,2,D1G,31A002,,1,,,,35,39,,,,,,,,,benefit,500000,disHsptUnlmtDaysSpPrv,3,benefitFirstPayConvCls,1,,,,,,,,,,,,,,,8000003,2020-02-12 00:00:00,8000003,2020-06-05 19:15:35
4,02,20JUN31A002D1G214044,2,D1G,31A002,,1,,,,40,44,,,,,,,,,benefit,500000,disHsptUnlmtDaysSpPrv,3,benefitFirstPayConvCls,1,,,,,,,,,,,,,,,8000003,2020-02-12 00:00:00,8000003,2020-06-05 19:15:35
4,02,20JUN31A002D1G214549,2,D1G,31A002,,1,,,,45,49,,,,,,,,,benefit,500000,disHsptUnlmtDaysSpPrv,3,benefitFirstPayConvCls,1,,,,,,,,,,,,,,,8000003,2020-02-12 00:00:00,8000003,2020-06-05 19:15:35
4,02,20JUN31A002D1G215054,2,D1G,31A002,,1,,,,50,54,,,,,,,,,benefit,500000,disHsptUnlmtDaysSpPrv,3,benefitFirstPayConvCls,1,,,,,,,,,,,,,,,8000003,2020-02-12 00:00:00,8000003,2020-06-05 19:15:35
4,02,20JUN31A002D1G215559,2,D1G,31A002,,1,,,,55,59,,,,,,,,,benefit,500000,disHsptUnlmtDaysSpPrv,3,benefitFirstPayConvCls,1,,,,,,,,,,,,,,,8000003,2020-02-12 00:00:00,8000003,2020-06-05 19:15:35
4,02,20JUN31A002D1G216064,2,D1G,31A002,,1,,,,60,64,,,,,,,,,benefit,500000,disHsptUnlmtDaysSpPrv,3,benefitFirstPayConvCls,1,,,,,,,,,,,,,,,8000003,2020-02-12 00:00:00,8000003,2020-06-05 19:15:35
4,02,20JUN31A002D1G216569,2,D1G,31A002,,1,,,,65,69,,,,,,,,,benefit,500000,disHsptUnlmtDaysSpPrv,3,benefitFirstPayConvCls,1,,,,,,,,,,,,,,,8000003,2020-02-12 00:00:00,8000003,2020-06-05 19:15:35
4,02,20JUN31A002D1G217074,2,D1G,31A002,,1,,,,70,74,,,,,,,,,benefit,500000,disHsptUnlmtDaysSpPrv,3,benefitFirstPayConvCls,1,,,,,,,,,,,,,,,8000003,2020-02-12 00:00:00,8000003,2020-06-05 19:15:35
4,02,20JUN31A002D1G217579,2,D1G,31A002,,1,,,,75,79,,,,,,,,,benefit,500000,disHsptUnlmtDaysSpPrv,3,benefitFirstPayConvCls,1,,,,,,,,,,,,,,,8000003,2020-02-12 00:00:00,8000003,2020-06-05 19:15:35
4,02,20JUN31A002D1G218085,2,D1G,31A002,,1,,,,80,85,,,,,,,,,benefit,500000,disHsptUnlmtDaysSpPrv,3,benefitFirstPayConvCls,1,,,,,,,,,,,,,,,8000003,2020-02-12 00:00:00,8000003,2020-06-05 19:15:35
4,02,20JUN31A002D1G312024,3,D1G,31A002,,1,,,,20,24,,,,,,,,,benefit,500000,disHsptUnlmtDaysSpPrv,2,benefitFirstPayConvCls,1,,,,,,,,,,,,,,,8000003,2020-02-12 00:00:00,8000003,2020-06-05 19:15:35
4,02,20JUN31A002D1G312529,3,D1G,31A002,,1,,,,25,29,,,,,,,,,benefit,500000,disHsptUnlmtDaysSpPrv,2,benefitFirstPayConvCls,1,,,,,,,,,,,,,,,8000003,2020-02-12 00:00:00,8000003,2020-06-05 19:15:35
4,02,20JUN31A002D1G313034,3,D1G,31A002,,1,,,,30,34,,,,,,,,,benefit,500000,disHsptUnlmtDaysSpPrv,2,benefitFirstPayConvCls,1,,,,,,,,,,,,,,,8000003,2020-02-12 00:00:00,8000003,2020-06-05 19:15:35
4,02,20JUN31A002D1G313539,3,D1G,31A002,,1,,,,35,39,,,,,,,,,benefit,500000,disHsptUnlmtDaysSpPrv,2,benefitFirstPayConvCls,1,,,,,,,,,,,,,,,8000003,2020-02-12 00:00:00,8000003,2020-06-05 19:15:35
4,02,20JUN31A002D1G314044,3,D1G,31A002,,1,,,,40,44,,,,,,,,,benefit,500000,disHsptUnlmtDaysSpPrv,2,benefitFirstPayConvCls,1,,,,,,,,,,,,,,,8000003,2020-02-12 00:00:00,8000003,2020-06-05 19:15:35
4,02,20JUN31A002D1G314549,3,D1G,31A002,,1,,,,45,49,,,,,,,,,benefit,500000,disHsptUnlmtDaysSpPrv,2,benefitFirstPayConvCls,1,,,,,,,,,,,,,,,8000003,2020-02-12 00:00:00,8000003,2020-06-05 19:15:35
4,02,20JUN31A002D1G315054,3,D1G,31A002,,1,,,,50,54,,,,,,,,,benefit,500000,disHsptUnlmtDaysSpPrv,2,benefitFirstPayConvCls,1,,,,,,,,,,,,,,,8000003,2020-02-12 00:00:00,8000003,2020-06-05 19:15:35
4,02,20JUN31A002D1G315559,3,D1G,31A002,,1,,,,55,59,,,,,,,,,benefit,500000,disHsptUnlmtDaysSpPrv,2,benefitFirstPayConvCls,1,,,,,,,,,,,,,,,8000003,2020-02-12 00:00:00,8000003,2020-06-05 19:15:35
4,02,20JUN31A002D1G316064,3,D1G,31A002,,1,,,,60,64,,,,,,,,,benefit,500000,disHsptUnlmtDaysSpPrv,2,benefitFirstPayConvCls,1,,,,,,,,,,,,,,,8000003,2020-02-12 00:00:00,8000003,2020-06-05 19:15:35
4,02,20JUN31A002D1G316569,3,D1G,31A002,,1,,,,65,69,,,,,,,,,benefit,500000,disHsptUnlmtDaysSpPrv,2,benefitFirstPayConvCls,1,,,,,,,,,,,,,,,8000003,2020-02-12 00:00:00,8000003,2020-06-05 19:15:35
4,02,20JUN31A002D1G317074,3,D1G,31A002,,1,,,,70,74,,,,,,,,,benefit,500000,disHsptUnlmtDaysSpPrv,2,benefitFirstPayConvCls,1,,,,,,,,,,,,,,,8000003,2020-02-12 00:00:00,8000003,2020-06-05 19:15:35
4,02,20JUN31A002D1G317579,3,D1G,31A002,,1,,,,75,79,,,,,,,,,benefit,500000,disHsptUnlmtDaysSpPrv,2,benefitFirstPayConvCls,1,,,,,,,,,,,,,,,8000003,2020-02-12 00:00:00,8000003,2020-06-05 19:15:35
4,02,20JUN31A002D1G318085,3,D1G,31A002,,1,,,,80,85,,,,,,,,,benefit,500000,disHsptUnlmtDaysSpPrv,2,benefitFirstPayConvCls,1,,,,,,,,,,,,,,,8000003,2020-02-12 00:00:00,8000003,2020-06-05 19:15:35
4,02,20JUN31C002D1H122080,1,D1H,31C002,,2,,,,20,80,,,,,,,,,benefit,1,,,,,,,,,,,,,,,,,,,8000003,2020-02-12 00:00:00,8000003,2020-06-05 19:15:35
4,02,20JUN31C002D1H222080,2,D1H,31C002,,2,,,,20,80,,,,,,,,,benefit,1,,,,,,,,,,,,,,,,,,,8000003,2020-02-12 00:00:00,8000003,2020-06-05 19:15:35
4,02,20JUN31C002D1H322080,3,D1H,31C002,,2,,,,20,80,,,,,,,,,benefit,1,,,,,,,,,,,,,,,,,,,8000003,2020-02-12 00:00:00,8000003,2020-06-05 19:15:35
4,02,20JUN31C00231C122024,1,31C,31C002,,2,,,,20,24,,,,,,,,,benefit,5000,hosCovPayLimitClass,060,benefitPayConvCls,1,disHsptUnlmtDaysSpPrv,0,paymentPeriodClass,3,paymentPeriod,,,,,,,,,,8000003,2020-02-12 00:00:00,8000003,2020-06-05 19:15:35
4,02,20JUN31C00231C122529,1,31C,31C002,,2,,,,25,29,,,,,,,,,benefit,5000,hosCovPayLimitClass,060,benefitPayConvCls,1,disHsptUnlmtDaysSpPrv,0,paymentPeriodClass,3,paymentPeriod,,,,,,,,,,8000003,2020-02-12 00:00:00,8000003,2020-06-05 19:15:35
4,02,20JUN31C00231C123034,1,31C,31C002,,2,,,,30,34,,,,,,,,,benefit,5000,hosCovPayLimitClass,060,benefitPayConvCls,1,disHsptUnlmtDaysSpPrv,0,paymentPeriodClass,3,paymentPeriod,,,,,,,,,,8000003,2020-02-12 00:00:00,8000003,2020-06-05 19:15:35
4,02,20JUN31C00231C123539,1,31C,31C002,,2,,,,35,39,,,,,,,,,benefit,5000,hosCovPayLimitClass,060,benefitPayConvCls,1,disHsptUnlmtDaysSpPrv,0,paymentPeriodClass,3,paymentPeriod,,,,,,,,,,8000003,2020-02-12 00:00:00,8000003,2020-06-05 19:15:35
4,02,20JUN31C00231C124044,1,31C,31C002,,2,,,,40,44,,,,,,,,,benefit,5000,hosCovPayLimitClass,060,benefitPayConvCls,1,disHsptUnlmtDaysSpPrv,0,paymentPeriodClass,3,paymentPeriod,,,,,,,,,,8000003,2020-02-12 00:00:00,8000003,2020-06-05 19:15:35
4,02,20JUN31C00231C124549,1,31C,31C002,,2,,,,45,49,,,,,,,,,benefit,5000,hosCovPayLimitClass,060,benefitPayConvCls,1,disHsptUnlmtDaysSpPrv,0,paymentPeriodClass,3,paymentPeriod,,,,,,,,,,8000003,2020-02-12 00:00:00,8000003,2020-06-05 19:15:35
4,02,20JUN31C00231C125054,1,31C,31C002,,2,,,,50,54,,,,,,,,,benefit,5000,hosCovPayLimitClass,060,benefitPayConvCls,1,disHsptUnlmtDaysSpPrv,0,paymentPeriodClass,3,paymentPeriod,,,,,,,,,,8000003,2020-02-12 00:00:00,8000003,2020-06-05 19:15:35
4,02,20JUN31C00231C125559,1,31C,31C002,,2,,,,55,59,,,,,,,,,benefit,3000,hosCovPayLimitClass,060,benefitPayConvCls,1,disHsptUnlmtDaysSpPrv,0,paymentPeriodClass,3,paymentPeriod,,,,,,,,,,8000003,2020-02-12 00:00:00,8000003,2020-06-05 19:15:35
4,02,20JUN31C00231C126064,1,31C,31C002,,2,,,,60,64,,,,,,,,,benefit,3000,hosCovPayLimitClass,060,benefitPayConvCls,1,disHsptUnlmtDaysSpPrv,0,paymentPeriodClass,3,paymentPeriod,,,,,,,,,,8000003,2020-02-12 00:00:00,8000003,2020-06-05 19:15:35
4,02,20JUN31C00231C126569,1,31C,31C002,,2,,,,65,69,,,,,,,,,benefit,3000,hosCovPayLimitClass,060,benefitPayConvCls,1,disHsptUnlmtDaysSpPrv,0,paymentPeriodClass,3,paymentPeriod,,,,,,,,,,8000003,2020-02-12 00:00:00,8000003,2020-06-05 19:15:35
4,02,20JUN31C00231C127074,1,31C,31C002,,2,,,,70,74,,,,,,,,,benefit,3000,hosCovPayLimitClass,060,benefitPayConvCls,1,disHsptUnlmtDaysSpPrv,0,paymentPeriodClass,3,paymentPeriod,,,,,,,,,,8000003,2020-02-12 00:00:00,8000003,2020-06-05 19:15:35
4,02,20JUN31C00231C127579,1,31C,31C002,,2,,,,75,79,,,,,,,,,benefit,3000,hosCovPayLimitClass,060,benefitPayConvCls,1,disHsptUnlmtDaysSpPrv,0,paymentPeriodClass,3,paymentPeriod,,,,,,,,,,8000003,2020-02-12 00:00:00,8000003,2020-06-05 19:15:35
4,02,20JUN31C00231C128085,1,31C,31C002,,2,,,,80,85,,,,,,,,,benefit,3000,hosCovPayLimitClass,060,benefitPayConvCls,1,disHsptUnlmtDaysSpPrv,0,paymentPeriodClass,3,paymentPeriod,,,,,,,,,,8000003,2020-02-12 00:00:00,8000003,2020-06-05 19:15:35
4,02,20JUN31C00231C222024,2,31C,31C002,,2,,,,20,24,,,,,,,,,benefit,5000,hosCovPayLimitClass,060,benefitPayConvCls,1,disHsptUnlmtDaysSpPrv,0,paymentPeriodClass,3,paymentPeriod,,,,,,,,,,8000003,2020-02-12 00:00:00,8000003,2020-06-05 19:15:35
4,02,20JUN31C00231C222529,2,31C,31C002,,2,,,,25,29,,,,,,,,,benefit,5000,hosCovPayLimitClass,060,benefitPayConvCls,1,disHsptUnlmtDaysSpPrv,0,paymentPeriodClass,3,paymentPeriod,,,,,,,,,,8000003,2020-02-12 00:00:00,8000003,2020-06-05 19:15:35
4,02,20JUN31C00231C223034,2,31C,31C002,,2,,,,30,34,,,,,,,,,benefit,5000,hosCovPayLimitClass,060,benefitPayConvCls,1,disHsptUnlmtDaysSpPrv,0,paymentPeriodClass,3,paymentPeriod,,,,,,,,,,8000003,2020-02-12 00:00:00,8000003,2020-06-05 19:15:35
4,02,20JUN31C00231C223539,2,31C,31C002,,2,,,,35,39,,,,,,,,,benefit,5000,hosCovPayLimitClass,060,benefitPayConvCls,1,disHsptUnlmtDaysSpPrv,0,paymentPeriodClass,3,paymentPeriod,,,,,,,,,,8000003,2020-02-12 00:00:00,8000003,2020-06-05 19:15:35
4,02,20JUN31C00231C224044,2,31C,31C002,,2,,,,40,44,,,,,,,,,benefit,5000,hosCovPayLimitClass,060,benefitPayConvCls,1,disHsptUnlmtDaysSpPrv,0,paymentPeriodClass,3,paymentPeriod,,,,,,,,,,8000003,2020-02-12 00:00:00,8000003,2020-06-05 19:15:35
4,02,20JUN31C00231C224549,2,31C,31C002,,2,,,,45,49,,,,,,,,,benefit,5000,hosCovPayLimitClass,060,benefitPayConvCls,1,disHsptUnlmtDaysSpPrv,0,paymentPeriodClass,3,paymentPeriod,,,,,,,,,,8000003,2020-02-12 00:00:00,8000003,2020-06-05 19:15:35
4,02,20JUN31C00231C225054,2,31C,31C002,,2,,,,50,54,,,,,,,,,benefit,5000,hosCovPayLimitClass,060,benefitPayConvCls,1,disHsptUnlmtDaysSpPrv,0,paymentPeriodClass,3,paymentPeriod,,,,,,,,,,8000003,2020-02-12 00:00:00,8000003,2020-06-05 19:15:35
4,02,20JUN31C00231C225559,2,31C,31C002,,2,,,,55,59,,,,,,,,,benefit,3000,hosCovPayLimitClass,060,benefitPayConvCls,1,disHsptUnlmtDaysSpPrv,0,paymentPeriodClass,3,paymentPeriod,,,,,,,,,,8000003,2020-02-12 00:00:00,8000003,2020-06-05 19:15:35
4,02,20JUN31C00231C226064,2,31C,31C002,,2,,,,60,64,,,,,,,,,benefit,3000,hosCovPayLimitClass,060,benefitPayConvCls,1,disHsptUnlmtDaysSpPrv,0,paymentPeriodClass,3,paymentPeriod,,,,,,,,,,8000003,2020-02-12 00:00:00,8000003,2020-06-05 19:15:35
4,02,20JUN31C00231C226569,2,31C,31C002,,2,,,,65,69,,,,,,,,,benefit,3000,hosCovPayLimitClass,060,benefitPayConvCls,1,disHsptUnlmtDaysSpPrv,0,paymentPeriodClass,3,paymentPeriod,,,,,,,,,,8000003,2020-02-12 00:00:00,8000003,2020-06-05 19:15:35
4,02,20JUN31C00231C227074,2,31C,31C002,,2,,,,70,74,,,,,,,,,benefit,3000,hosCovPayLimitClass,060,benefitPayConvCls,1,disHsptUnlmtDaysSpPrv,0,paymentPeriodClass,3,paymentPeriod,,,,,,,,,,8000003,2020-02-12 00:00:00,8000003,2020-06-05 19:15:35
4,02,20JUN31C00231C227579,2,31C,31C002,,2,,,,75,79,,,,,,,,,benefit,3000,hosCovPayLimitClass,060,benefitPayConvCls,1,disHsptUnlmtDaysSpPrv,0,paymentPeriodClass,3,paymentPeriod,,,,,,,,,,8000003,2020-02-12 00:00:00,8000003,2020-06-05 19:15:35
4,02,20JUN31C00231C228085,2,31C,31C002,,2,,,,80,85,,,,,,,,,benefit,3000,hosCovPayLimitClass,060,benefitPayConvCls,1,disHsptUnlmtDaysSpPrv,0,paymentPeriodClass,3,paymentPeriod,,,,,,,,,,8000003,2020-02-12 00:00:00,8000003,2020-06-05 19:15:35
4,02,20JUN31C00231C322024,3,31C,31C002,,2,,,,20,24,,,,,,,,,benefit,5000,hosCovPayLimitClass,060,benefitPayConvCls,1,disHsptUnlmtDaysSpPrv,0,paymentPeriodClass,3,paymentPeriod,,,,,,,,,,8000003,2020-02-12 00:00:00,8000003,2020-06-05 19:15:35
4,02,20JUN31C00231C322529,3,31C,31C002,,2,,,,25,29,,,,,,,,,benefit,5000,hosCovPayLimitClass,060,benefitPayConvCls,1,disHsptUnlmtDaysSpPrv,0,paymentPeriodClass,3,paymentPeriod,,,,,,,,,,8000003,2020-02-12 00:00:00,8000003,2020-06-05 19:15:35
4,02,20JUN31C00231C323034,3,31C,31C002,,2,,,,30,34,,,,,,,,,benefit,5000,hosCovPayLimitClass,060,benefitPayConvCls,1,disHsptUnlmtDaysSpPrv,0,paymentPeriodClass,3,paymentPeriod,,,,,,,,,,8000003,2020-02-12 00:00:00,8000003,2020-06-05 19:15:35
4,02,20JUN31C00231C323539,3,31C,31C002,,2,,,,35,39,,,,,,,,,benefit,5000,hosCovPayLimitClass,060,benefitPayConvCls,1,disHsptUnlmtDaysSpPrv,0,paymentPeriodClass,3,paymentPeriod,,,,,,,,,,8000003,2020-02-12 00:00:00,8000003,2020-06-05 19:15:35
4,02,20JUN31C00231C324044,3,31C,31C002,,2,,,,40,44,,,,,,,,,benefit,5000,hosCovPayLimitClass,060,benefitPayConvCls,1,disHsptUnlmtDaysSpPrv,0,paymentPeriodClass,3,paymentPeriod,,,,,,,,,,8000003,2020-02-12 00:00:00,8000003,2020-06-05 19:15:35
4,02,20JUN31C00231C324549,3,31C,31C002,,2,,,,45,49,,,,,,,,,benefit,5000,hosCovPayLimitClass,060,benefitPayConvCls,1,disHsptUnlmtDaysSpPrv,0,paymentPeriodClass,3,paymentPeriod,,,,,,,,,,8000003,2020-02-12 00:00:00,8000003,2020-06-05 19:15:35
4,02,20JUN31C00231C325054,3,31C,31C002,,2,,,,50,54,,,,,,,,,benefit,5000,hosCovPayLimitClass,060,benefitPayConvCls,1,disHsptUnlmtDaysSpPrv,0,paymentPeriodClass,3,paymentPeriod,,,,,,,,,,8000003,2020-02-12 00:00:00,8000003,2020-06-05 19:15:35
4,02,20JUN31C00231C325559,3,31C,31C002,,2,,,,55,59,,,,,,,,,benefit,3000,hosCovPayLimitClass,060,benefitPayConvCls,1,disHsptUnlmtDaysSpPrv,0,paymentPeriodClass,3,paymentPeriod,,,,,,,,,,8000003,2020-02-12 00:00:00,8000003,2020-06-05 19:15:35
4,02,20JUN31C00231C326064,3,31C,31C002,,2,,,,60,64,,,,,,,,,benefit,3000,hosCovPayLimitClass,060,benefitPayConvCls,1,disHsptUnlmtDaysSpPrv,0,paymentPeriodClass,3,paymentPeriod,,,,,,,,,,8000003,2020-02-12 00:00:00,8000003,2020-06-05 19:15:35
4,02,20JUN31C00231C326569,3,31C,31C002,,2,,,,65,69,,,,,,,,,benefit,3000,hosCovPayLimitClass,060,benefitPayConvCls,1,disHsptUnlmtDaysSpPrv,0,paymentPeriodClass,3,paymentPeriod,,,,,,,,,,8000003,2020-02-12 00:00:00,8000003,2020-06-05 19:15:35
4,02,20JUN31C00231C327074,3,31C,31C002,,2,,,,70,74,,,,,,,,,benefit,3000,hosCovPayLimitClass,060,benefitPayConvCls,1,disHsptUnlmtDaysSpPrv,0,paymentPeriodClass,3,paymentPeriod,,,,,,,,,,8000003,2020-02-12 00:00:00,8000003,2020-06-05 19:15:35
4,02,20JUN31C00231C327579,3,31C,31C002,,2,,,,75,79,,,,,,,,,benefit,3000,hosCovPayLimitClass,060,benefitPayConvCls,1,disHsptUnlmtDaysSpPrv,0,paymentPeriodClass,3,paymentPeriod,,,,,,,,,,8000003,2020-02-12 00:00:00,8000003,2020-06-05 19:15:35
4,02,20JUN31C00231C328085,3,31C,31C002,,2,,,,80,85,,,,,,,,,benefit,3000,hosCovPayLimitClass,060,benefitPayConvCls,1,disHsptUnlmtDaysSpPrv,0,paymentPeriodClass,3,paymentPeriod,,,,,,,,,,8000003,2020-02-12 00:00:00,8000003,2020-06-05 19:15:35
4,02,20JUN31C002D1N222024,2,D1N,31C002,,2,,,,20,24,,,,,,,,,benefit,300000,disHsptUnlmtDaysSpPrv,3,benefitFirstPayConvCls,1,,,,,,,,,,,,,,,8000003,2020-02-12 00:00:00,8000003,2020-06-05 19:15:35
4,02,20JUN31C002D1N222529,2,D1N,31C002,,2,,,,25,29,,,,,,,,,benefit,300000,disHsptUnlmtDaysSpPrv,3,benefitFirstPayConvCls,1,,,,,,,,,,,,,,,8000003,2020-02-12 00:00:00,8000003,2020-06-05 19:15:35
4,02,20JUN31C002D1N223034,2,D1N,31C002,,2,,,,30,34,,,,,,,,,benefit,300000,disHsptUnlmtDaysSpPrv,3,benefitFirstPayConvCls,1,,,,,,,,,,,,,,,8000003,2020-02-12 00:00:00,8000003,2020-06-05 19:15:35
4,02,20JUN31C002D1N223539,2,D1N,31C002,,2,,,,35,39,,,,,,,,,benefit,300000,disHsptUnlmtDaysSpPrv,3,benefitFirstPayConvCls,1,,,,,,,,,,,,,,,8000003,2020-02-12 00:00:00,8000003,2020-06-05 19:15:35
4,02,20JUN31C002D1N224044,2,D1N,31C002,,2,,,,40,44,,,,,,,,,benefit,300000,disHsptUnlmtDaysSpPrv,3,benefitFirstPayConvCls,1,,,,,,,,,,,,,,,8000003,2020-02-12 00:00:00,8000003,2020-06-05 19:15:35
4,02,20JUN31C002D1N224549,2,D1N,31C002,,2,,,,45,49,,,,,,,,,benefit,300000,disHsptUnlmtDaysSpPrv,3,benefitFirstPayConvCls,1,,,,,,,,,,,,,,,8000003,2020-02-12 00:00:00,8000003,2020-06-05 19:15:35
4,02,20JUN31C002D1N225054,2,D1N,31C002,,2,,,,50,54,,,,,,,,,benefit,300000,disHsptUnlmtDaysSpPrv,3,benefitFirstPayConvCls,1,,,,,,,,,,,,,,,8000003,2020-02-12 00:00:00,8000003,2020-06-05 19:15:35
4,02,20JUN31C002D1N225559,2,D1N,31C002,,2,,,,55,59,,,,,,,,,benefit,300000,disHsptUnlmtDaysSpPrv,3,benefitFirstPayConvCls,1,,,,,,,,,,,,,,,8000003,2020-02-12 00:00:00,8000003,2020-06-05 19:15:35
4,02,20JUN31C002D1N226064,2,D1N,31C002,,2,,,,60,64,,,,,,,,,benefit,300000,disHsptUnlmtDaysSpPrv,3,benefitFirstPayConvCls,1,,,,,,,,,,,,,,,8000003,2020-02-12 00:00:00,8000003,2020-06-05 19:15:35
4,02,20JUN31C002D1N226569,2,D1N,31C002,,2,,,,65,69,,,,,,,,,benefit,300000,disHsptUnlmtDaysSpPrv,3,benefitFirstPayConvCls,1,,,,,,,,,,,,,,,8000003,2020-02-12 00:00:00,8000003,2020-06-05 19:15:35
4,02,20JUN31C002D1N227074,2,D1N,31C002,,2,,,,70,74,,,,,,,,,benefit,300000,disHsptUnlmtDaysSpPrv,3,benefitFirstPayConvCls,1,,,,,,,,,,,,,,,8000003,2020-02-12 00:00:00,8000003,2020-06-05 19:15:35
4,02,20JUN31C002D1N227579,2,D1N,31C002,,2,,,,75,79,,,,,,,,,benefit,300000,disHsptUnlmtDaysSpPrv,3,benefitFirstPayConvCls,1,,,,,,,,,,,,,,,8000003,2020-02-12 00:00:00,8000003,2020-06-05 19:15:35
4,02,20JUN31C002D1N228085,2,D1N,31C002,,2,,,,80,85,,,,,,,,,benefit,300000,disHsptUnlmtDaysSpPrv,3,benefitFirstPayConvCls,1,,,,,,,,,,,,,,,8000003,2020-02-12 00:00:00,8000003,2020-06-05 19:15:35
4,02,20JUN31C002D1N322024,3,D1N,31C002,,2,,,,20,24,,,,,,,,,benefit,300000,disHsptUnlmtDaysSpPrv,2,benefitFirstPayConvCls,1,,,,,,,,,,,,,,,8000003,2020-02-12 00:00:00,8000003,2020-06-05 19:15:35
4,02,20JUN31C002D1N322529,3,D1N,31C002,,2,,,,25,29,,,,,,,,,benefit,300000,disHsptUnlmtDaysSpPrv,2,benefitFirstPayConvCls,1,,,,,,,,,,,,,,,8000003,2020-02-12 00:00:00,8000003,2020-06-05 19:15:35
4,02,20JUN31C002D1N323034,3,D1N,31C002,,2,,,,30,34,,,,,,,,,benefit,300000,disHsptUnlmtDaysSpPrv,2,benefitFirstPayConvCls,1,,,,,,,,,,,,,,,8000003,2020-02-12 00:00:00,8000003,2020-06-05 19:15:35
4,02,20JUN31C002D1N323539,3,D1N,31C002,,2,,,,35,39,,,,,,,,,benefit,300000,disHsptUnlmtDaysSpPrv,2,benefitFirstPayConvCls,1,,,,,,,,,,,,,,,8000003,2020-02-12 00:00:00,8000003,2020-06-05 19:15:35
4,02,20JUN31C002D1N324044,3,D1N,31C002,,2,,,,40,44,,,,,,,,,benefit,300000,disHsptUnlmtDaysSpPrv,2,benefitFirstPayConvCls,1,,,,,,,,,,,,,,,8000003,2020-02-12 00:00:00,8000003,2020-06-05 19:15:35
4,02,20JUN31C002D1N324549,3,D1N,31C002,,2,,,,45,49,,,,,,,,,benefit,300000,disHsptUnlmtDaysSpPrv,2,benefitFirstPayConvCls,1,,,,,,,,,,,,,,,8000003,2020-02-12 00:00:00,8000003,2020-06-05 19:15:35
4,02,20JUN31C002D1N325054,3,D1N,31C002,,2,,,,50,54,,,,,,,,,benefit,300000,disHsptUnlmtDaysSpPrv,2,benefitFirstPayConvCls,1,,,,,,,,,,,,,,,8000003,2020-02-12 00:00:00,8000003,2020-06-05 19:15:35
4,02,20JUN31C002D1N325559,3,D1N,31C002,,2,,,,55,59,,,,,,,,,benefit,300000,disHsptUnlmtDaysSpPrv,2,benefitFirstPayConvCls,1,,,,,,,,,,,,,,,8000003,2020-02-12 00:00:00,8000003,2020-06-05 19:15:35
4,02,20JUN31C002D1N326064,3,D1N,31C002,,2,,,,60,64,,,,,,,,,benefit,300000,disHsptUnlmtDaysSpPrv,2,benefitFirstPayConvCls,1,,,,,,,,,,,,,,,8000003,2020-02-12 00:00:00,8000003,2020-06-05 19:15:35
4,02,20JUN31C002D1N326569,3,D1N,31C002,,2,,,,65,69,,,,,,,,,benefit,300000,disHsptUnlmtDaysSpPrv,2,benefitFirstPayConvCls,1,,,,,,,,,,,,,,,8000003,2020-02-12 00:00:00,8000003,2020-06-05 19:15:35
4,02,20JUN31C002D1N327074,3,D1N,31C002,,2,,,,70,74,,,,,,,,,benefit,300000,disHsptUnlmtDaysSpPrv,2,benefitFirstPayConvCls,1,,,,,,,,,,,,,,,8000003,2020-02-12 00:00:00,8000003,2020-06-05 19:15:35
4,02,20JUN31C002D1N327579,3,D1N,31C002,,2,,,,75,79,,,,,,,,,benefit,300000,disHsptUnlmtDaysSpPrv,2,benefitFirstPayConvCls,1,,,,,,,,,,,,,,,8000003,2020-02-12 00:00:00,8000003,2020-06-05 19:15:35
4,02,20JUN31C002D1N328085,3,D1N,31C002,,2,,,,80,85,,,,,,,,,benefit,300000,disHsptUnlmtDaysSpPrv,2,benefitFirstPayConvCls,1,,,,,,,,,,,,,,,8000003,2020-02-12 00:00:00,8000003,2020-06-05 19:15:35
4,02,20JUN31C002D1H112080,1,D1H,31C002,,1,,,,20,80,,,,,,,,,benefit,1,,,,,,,,,,,,,,,,,,,8000003,2020-02-12 00:00:00,8000003,2020-06-05 19:15:35
4,02,20JUN31C002D1H212080,2,D1H,31C002,,1,,,,20,80,,,,,,,,,benefit,1,,,,,,,,,,,,,,,,,,,8000003,2020-02-12 00:00:00,8000003,2020-06-05 19:15:35
4,02,20JUN31C002D1H312080,3,D1H,31C002,,1,,,,20,80,,,,,,,,,benefit,1,,,,,,,,,,,,,,,,,,,8000003,2020-02-12 00:00:00,8000003,2020-06-05 19:15:35
4,02,20JUN31C00231C112024,1,31C,31C002,,1,,,,20,24,,,,,,,,,benefit,5000,hosCovPayLimitClass,060,benefitPayConvCls,1,disHsptUnlmtDaysSpPrv,0,paymentPeriodClass,3,paymentPeriod,,,,,,,,,,8000003,2020-02-12 00:00:00,8000003,2020-06-05 19:15:35
4,02,20JUN31C00231C112529,1,31C,31C002,,1,,,,25,29,,,,,,,,,benefit,5000,hosCovPayLimitClass,060,benefitPayConvCls,1,disHsptUnlmtDaysSpPrv,0,paymentPeriodClass,3,paymentPeriod,,,,,,,,,,8000003,2020-02-12 00:00:00,8000003,2020-06-05 19:15:35
4,02,20JUN31C00231C113034,1,31C,31C002,,1,,,,30,34,,,,,,,,,benefit,5000,hosCovPayLimitClass,060,benefitPayConvCls,1,disHsptUnlmtDaysSpPrv,0,paymentPeriodClass,3,paymentPeriod,,,,,,,,,,8000003,2020-02-12 00:00:00,8000003,2020-06-05 19:15:35
4,02,20JUN31C00231C113539,1,31C,31C002,,1,,,,35,39,,,,,,,,,benefit,5000,hosCovPayLimitClass,060,benefitPayConvCls,1,disHsptUnlmtDaysSpPrv,0,paymentPeriodClass,3,paymentPeriod,,,,,,,,,,8000003,2020-02-12 00:00:00,8000003,2020-06-05 19:15:35
4,02,20JUN31C00231C114044,1,31C,31C002,,1,,,,40,44,,,,,,,,,benefit,5000,hosCovPayLimitClass,060,benefitPayConvCls,1,disHsptUnlmtDaysSpPrv,0,paymentPeriodClass,3,paymentPeriod,,,,,,,,,,8000003,2020-02-12 00:00:00,8000003,2020-06-05 19:15:35
4,02,20JUN31C00231C114549,1,31C,31C002,,1,,,,45,49,,,,,,,,,benefit,5000,hosCovPayLimitClass,060,benefitPayConvCls,1,disHsptUnlmtDaysSpPrv,0,paymentPeriodClass,3,paymentPeriod,,,,,,,,,,8000003,2020-02-12 00:00:00,8000003,2020-06-05 19:15:35
4,02,20JUN31C00231C115054,1,31C,31C002,,1,,,,50,54,,,,,,,,,benefit,5000,hosCovPayLimitClass,060,benefitPayConvCls,1,disHsptUnlmtDaysSpPrv,0,paymentPeriodClass,3,paymentPeriod,,,,,,,,,,8000003,2020-02-12 00:00:00,8000003,2020-06-05 19:15:35
4,02,20JUN31C00231C115559,1,31C,31C002,,1,,,,55,59,,,,,,,,,benefit,3000,hosCovPayLimitClass,060,benefitPayConvCls,1,disHsptUnlmtDaysSpPrv,0,paymentPeriodClass,3,paymentPeriod,,,,,,,,,,8000003,2020-02-12 00:00:00,8000003,2020-06-05 19:15:35
4,02,20JUN31C00231C116064,1,31C,31C002,,1,,,,60,64,,,,,,,,,benefit,3000,hosCovPayLimitClass,060,benefitPayConvCls,1,disHsptUnlmtDaysSpPrv,0,paymentPeriodClass,3,paymentPeriod,,,,,,,,,,8000003,2020-02-12 00:00:00,8000003,2020-06-05 19:15:35
4,02,20JUN31C00231C116569,1,31C,31C002,,1,,,,65,69,,,,,,,,,benefit,3000,hosCovPayLimitClass,060,benefitPayConvCls,1,disHsptUnlmtDaysSpPrv,0,paymentPeriodClass,3,paymentPeriod,,,,,,,,,,8000003,2020-02-12 00:00:00,8000003,2020-06-05 19:15:35
4,02,20JUN31C00231C117074,1,31C,31C002,,1,,,,70,74,,,,,,,,,benefit,3000,hosCovPayLimitClass,060,benefitPayConvCls,1,disHsptUnlmtDaysSpPrv,0,paymentPeriodClass,3,paymentPeriod,,,,,,,,,,8000003,2020-02-12 00:00:00,8000003,2020-06-05 19:15:35
4,02,20JUN31C00231C117579,1,31C,31C002,,1,,,,75,79,,,,,,,,,benefit,3000,hosCovPayLimitClass,060,benefitPayConvCls,1,disHsptUnlmtDaysSpPrv,0,paymentPeriodClass,3,paymentPeriod,,,,,,,,,,8000003,2020-02-12 00:00:00,8000003,2020-06-05 19:15:35
4,02,20JUN31C00231C118085,1,31C,31C002,,1,,,,80,85,,,,,,,,,benefit,3000,hosCovPayLimitClass,060,benefitPayConvCls,1,disHsptUnlmtDaysSpPrv,0,paymentPeriodClass,3,paymentPeriod,,,,,,,,,,8000003,2020-02-12 00:00:00,8000003,2020-06-05 19:15:35
4,02,20JUN31C00231C212024,2,31C,31C002,,1,,,,20,24,,,,,,,,,benefit,5000,hosCovPayLimitClass,060,benefitPayConvCls,1,disHsptUnlmtDaysSpPrv,0,paymentPeriodClass,3,paymentPeriod,,,,,,,,,,8000003,2020-02-12 00:00:00,8000003,2020-06-05 19:15:35
4,02,20JUN31C00231C212529,2,31C,31C002,,1,,,,25,29,,,,,,,,,benefit,5000,hosCovPayLimitClass,060,benefitPayConvCls,1,disHsptUnlmtDaysSpPrv,0,paymentPeriodClass,3,paymentPeriod,,,,,,,,,,8000003,2020-02-12 00:00:00,8000003,2020-06-05 19:15:35
4,02,20JUN31C00231C213034,2,31C,31C002,,1,,,,30,34,,,,,,,,,benefit,5000,hosCovPayLimitClass,060,benefitPayConvCls,1,disHsptUnlmtDaysSpPrv,0,paymentPeriodClass,3,paymentPeriod,,,,,,,,,,8000003,2020-02-12 00:00:00,8000003,2020-06-05 19:15:35
4,02,20JUN31C00231C213539,2,31C,31C002,,1,,,,35,39,,,,,,,,,benefit,5000,hosCovPayLimitClass,060,benefitPayConvCls,1,disHsptUnlmtDaysSpPrv,0,paymentPeriodClass,3,paymentPeriod,,,,,,,,,,8000003,2020-02-12 00:00:00,8000003,2020-06-05 19:15:35
4,02,20JUN31C00231C214044,2,31C,31C002,,1,,,,40,44,,,,,,,,,benefit,5000,hosCovPayLimitClass,060,benefitPayConvCls,1,disHsptUnlmtDaysSpPrv,0,paymentPeriodClass,3,paymentPeriod,,,,,,,,,,8000003,2020-02-12 00:00:00,8000003,2020-06-05 19:15:35
4,02,20JUN31C00231C214549,2,31C,31C002,,1,,,,45,49,,,,,,,,,benefit,5000,hosCovPayLimitClass,060,benefitPayConvCls,1,disHsptUnlmtDaysSpPrv,0,paymentPeriodClass,3,paymentPeriod,,,,,,,,,,8000003,2020-02-12 00:00:00,8000003,2020-06-05 19:15:35
4,02,20JUN31C00231C215054,2,31C,31C002,,1,,,,50,54,,,,,,,,,benefit,5000,hosCovPayLimitClass,060,benefitPayConvCls,1,disHsptUnlmtDaysSpPrv,0,paymentPeriodClass,3,paymentPeriod,,,,,,,,,,8000003,2020-02-12 00:00:00,8000003,2020-06-05 19:15:35
4,02,20JUN31C00231C215559,2,31C,31C002,,1,,,,55,59,,,,,,,,,benefit,3000,hosCovPayLimitClass,060,benefitPayConvCls,1,disHsptUnlmtDaysSpPrv,0,paymentPeriodClass,3,paymentPeriod,,,,,,,,,,8000003,2020-02-12 00:00:00,8000003,2020-06-05 19:15:35
4,02,20JUN31C00231C216064,2,31C,31C002,,1,,,,60,64,,,,,,,,,benefit,3000,hosCovPayLimitClass,060,benefitPayConvCls,1,disHsptUnlmtDaysSpPrv,0,paymentPeriodClass,3,paymentPeriod,,,,,,,,,,8000003,2020-02-12 00:00:00,8000003,2020-06-05 19:15:35
4,02,20JUN31C00231C216569,2,31C,31C002,,1,,,,65,69,,,,,,,,,benefit,3000,hosCovPayLimitClass,060,benefitPayConvCls,1,disHsptUnlmtDaysSpPrv,0,paymentPeriodClass,3,paymentPeriod,,,,,,,,,,8000003,2020-02-12 00:00:00,8000003,2020-06-05 19:15:35
4,02,20JUN31C00231C217074,2,31C,31C002,,1,,,,70,74,,,,,,,,,benefit,3000,hosCovPayLimitClass,060,benefitPayConvCls,1,disHsptUnlmtDaysSpPrv,0,paymentPeriodClass,3,paymentPeriod,,,,,,,,,,8000003,2020-02-12 00:00:00,8000003,2020-06-05 19:15:35
4,02,20JUN31C00231C217579,2,31C,31C002,,1,,,,75,79,,,,,,,,,benefit,3000,hosCovPayLimitClass,060,benefitPayConvCls,1,disHsptUnlmtDaysSpPrv,0,paymentPeriodClass,3,paymentPeriod,,,,,,,,,,8000003,2020-02-12 00:00:00,8000003,2020-06-05 19:15:35
4,02,20JUN31C00231C218085,2,31C,31C002,,1,,,,80,85,,,,,,,,,benefit,3000,hosCovPayLimitClass,060,benefitPayConvCls,1,disHsptUnlmtDaysSpPrv,0,paymentPeriodClass,3,paymentPeriod,,,,,,,,,,8000003,2020-02-12 00:00:00,8000003,2020-06-05 19:15:35
4,02,20JUN31C00231C312024,3,31C,31C002,,1,,,,20,24,,,,,,,,,benefit,5000,hosCovPayLimitClass,060,benefitPayConvCls,1,disHsptUnlmtDaysSpPrv,0,paymentPeriodClass,3,paymentPeriod,,,,,,,,,,8000003,2020-02-12 00:00:00,8000003,2020-06-05 19:15:35
4,02,20JUN31C00231C312529,3,31C,31C002,,1,,,,25,29,,,,,,,,,benefit,5000,hosCovPayLimitClass,060,benefitPayConvCls,1,disHsptUnlmtDaysSpPrv,0,paymentPeriodClass,3,paymentPeriod,,,,,,,,,,8000003,2020-02-12 00:00:00,8000003,2020-06-05 19:15:35
4,02,20JUN31C00231C313034,3,31C,31C002,,1,,,,30,34,,,,,,,,,benefit,5000,hosCovPayLimitClass,060,benefitPayConvCls,1,disHsptUnlmtDaysSpPrv,0,paymentPeriodClass,3,paymentPeriod,,,,,,,,,,8000003,2020-02-12 00:00:00,8000003,2020-06-05 19:15:35
4,02,20JUN31C00231C313539,3,31C,31C002,,1,,,,35,39,,,,,,,,,benefit,5000,hosCovPayLimitClass,060,benefitPayConvCls,1,disHsptUnlmtDaysSpPrv,0,paymentPeriodClass,3,paymentPeriod,,,,,,,,,,8000003,2020-02-12 00:00:00,8000003,2020-06-05 19:15:35
4,02,20JUN31C00231C314044,3,31C,31C002,,1,,,,40,44,,,,,,,,,benefit,5000,hosCovPayLimitClass,060,benefitPayConvCls,1,disHsptUnlmtDaysSpPrv,0,paymentPeriodClass,3,paymentPeriod,,,,,,,,,,8000003,2020-02-12 00:00:00,8000003,2020-06-05 19:15:35
4,02,20JUN31C00231C314549,3,31C,31C002,,1,,,,45,49,,,,,,,,,benefit,5000,hosCovPayLimitClass,060,benefitPayConvCls,1,disHsptUnlmtDaysSpPrv,0,paymentPeriodClass,3,paymentPeriod,,,,,,,,,,8000003,2020-02-12 00:00:00,8000003,2020-06-05 19:15:35
4,02,20JUN31C00231C315054,3,31C,31C002,,1,,,,50,54,,,,,,,,,benefit,5000,hosCovPayLimitClass,060,benefitPayConvCls,1,disHsptUnlmtDaysSpPrv,0,paymentPeriodClass,3,paymentPeriod,,,,,,,,,,8000003,2020-02-12 00:00:00,8000003,2020-06-05 19:15:35
4,02,20JUN31C00231C315559,3,31C,31C002,,1,,,,55,59,,,,,,,,,benefit,3000,hosCovPayLimitClass,060,benefitPayConvCls,1,disHsptUnlmtDaysSpPrv,0,paymentPeriodClass,3,paymentPeriod,,,,,,,,,,8000003,2020-02-12 00:00:00,8000003,2020-06-05 19:15:35
4,02,20JUN31C00231C316064,3,31C,31C002,,1,,,,60,64,,,,,,,,,benefit,3000,hosCovPayLimitClass,060,benefitPayConvCls,1,disHsptUnlmtDaysSpPrv,0,paymentPeriodClass,3,paymentPeriod,,,,,,,,,,8000003,2020-02-12 00:00:00,8000003,2020-06-05 19:15:35
4,02,20JUN31C00231C316569,3,31C,31C002,,1,,,,65,69,,,,,,,,,benefit,3000,hosCovPayLimitClass,060,benefitPayConvCls,1,disHsptUnlmtDaysSpPrv,0,paymentPeriodClass,3,paymentPeriod,,,,,,,,,,8000003,2020-02-12 00:00:00,8000003,2020-06-05 19:15:35
4,02,20JUN31C00231C317074,3,31C,31C002,,1,,,,70,74,,,,,,,,,benefit,3000,hosCovPayLimitClass,060,benefitPayConvCls,1,disHsptUnlmtDaysSpPrv,0,paymentPeriodClass,3,paymentPeriod,,,,,,,,,,8000003,2020-02-12 00:00:00,8000003,2020-06-05 19:15:35
4,02,20JUN31C00231C317579,3,31C,31C002,,1,,,,75,79,,,,,,,,,benefit,3000,hosCovPayLimitClass,060,benefitPayConvCls,1,disHsptUnlmtDaysSpPrv,0,paymentPeriodClass,3,paymentPeriod,,,,,,,,,,8000003,2020-02-12 00:00:00,8000003,2020-06-05 19:15:35
4,02,20JUN31C00231C318085,3,31C,31C002,,1,,,,80,85,,,,,,,,,benefit,3000,hosCovPayLimitClass,060,benefitPayConvCls,1,disHsptUnlmtDaysSpPrv,0,paymentPeriodClass,3,paymentPeriod,,,,,,,,,,8000003,2020-02-12 00:00:00,8000003,2020-06-05 19:15:35
4,02,20JUN31C002D1N212024,2,D1N,31C002,,1,,,,20,24,,,,,,,,,benefit,300000,disHsptUnlmtDaysSpPrv,3,benefitFirstPayConvCls,1,,,,,,,,,,,,,,,8000003,2020-02-12 00:00:00,8000003,2020-06-05 19:15:35
4,02,20JUN31C002D1N212529,2,D1N,31C002,,1,,,,25,29,,,,,,,,,benefit,300000,disHsptUnlmtDaysSpPrv,3,benefitFirstPayConvCls,1,,,,,,,,,,,,,,,8000003,2020-02-12 00:00:00,8000003,2020-06-05 19:15:35
4,02,20JUN31C002D1N213034,2,D1N,31C002,,1,,,,30,34,,,,,,,,,benefit,300000,disHsptUnlmtDaysSpPrv,3,benefitFirstPayConvCls,1,,,,,,,,,,,,,,,8000003,2020-02-12 00:00:00,8000003,2020-06-05 19:15:35
4,02,20JUN31C002D1N213539,2,D1N,31C002,,1,,,,35,39,,,,,,,,,benefit,300000,disHsptUnlmtDaysSpPrv,3,benefitFirstPayConvCls,1,,,,,,,,,,,,,,,8000003,2020-02-12 00:00:00,8000003,2020-06-05 19:15:35
4,02,20JUN31C002D1N214044,2,D1N,31C002,,1,,,,40,44,,,,,,,,,benefit,300000,disHsptUnlmtDaysSpPrv,3,benefitFirstPayConvCls,1,,,,,,,,,,,,,,,8000003,2020-02-12 00:00:00,8000003,2020-06-05 19:15:35
4,02,20JUN31C002D1N214549,2,D1N,31C002,,1,,,,45,49,,,,,,,,,benefit,300000,disHsptUnlmtDaysSpPrv,3,benefitFirstPayConvCls,1,,,,,,,,,,,,,,,8000003,2020-02-12 00:00:00,8000003,2020-06-05 19:15:35
4,02,20JUN31C002D1N215054,2,D1N,31C002,,1,,,,50,54,,,,,,,,,benefit,300000,disHsptUnlmtDaysSpPrv,3,benefitFirstPayConvCls,1,,,,,,,,,,,,,,,8000003,2020-02-12 00:00:00,8000003,2020-06-05 19:15:35
4,02,20JUN31C002D1N215559,2,D1N,31C002,,1,,,,55,59,,,,,,,,,benefit,300000,disHsptUnlmtDaysSpPrv,3,benefitFirstPayConvCls,1,,,,,,,,,,,,,,,8000003,2020-02-12 00:00:00,8000003,2020-06-05 19:15:35
4,02,20JUN31C002D1N216064,2,D1N,31C002,,1,,,,60,64,,,,,,,,,benefit,300000,disHsptUnlmtDaysSpPrv,3,benefitFirstPayConvCls,1,,,,,,,,,,,,,,,8000003,2020-02-12 00:00:00,8000003,2020-06-05 19:15:35
4,02,20JUN31C002D1N216569,2,D1N,31C002,,1,,,,65,69,,,,,,,,,benefit,300000,disHsptUnlmtDaysSpPrv,3,benefitFirstPayConvCls,1,,,,,,,,,,,,,,,8000003,2020-02-12 00:00:00,8000003,2020-06-05 19:15:35
4,02,20JUN31C002D1N217074,2,D1N,31C002,,1,,,,70,74,,,,,,,,,benefit,300000,disHsptUnlmtDaysSpPrv,3,benefitFirstPayConvCls,1,,,,,,,,,,,,,,,8000003,2020-02-12 00:00:00,8000003,2020-06-05 19:15:35
4,02,20JUN31C002D1N217579,2,D1N,31C002,,1,,,,75,79,,,,,,,,,benefit,300000,disHsptUnlmtDaysSpPrv,3,benefitFirstPayConvCls,1,,,,,,,,,,,,,,,8000003,2020-02-12 00:00:00,8000003,2020-06-05 19:15:35
4,02,20JUN31C002D1N218085,2,D1N,31C002,,1,,,,80,85,,,,,,,,,benefit,300000,disHsptUnlmtDaysSpPrv,3,benefitFirstPayConvCls,1,,,,,,,,,,,,,,,8000003,2020-02-12 00:00:00,8000003,2020-06-05 19:15:35
4,02,20JUN31C002D1N312024,3,D1N,31C002,,1,,,,20,24,,,,,,,,,benefit,300000,disHsptUnlmtDaysSpPrv,2,benefitFirstPayConvCls,1,,,,,,,,,,,,,,,8000003,2020-02-12 00:00:00,8000003,2020-06-05 19:15:35
4,02,20JUN31C002D1N312529,3,D1N,31C002,,1,,,,25,29,,,,,,,,,benefit,300000,disHsptUnlmtDaysSpPrv,2,benefitFirstPayConvCls,1,,,,,,,,,,,,,,,8000003,2020-02-12 00:00:00,8000003,2020-06-05 19:15:35
4,02,20JUN31C002D1N313034,3,D1N,31C002,,1,,,,30,34,,,,,,,,,benefit,300000,disHsptUnlmtDaysSpPrv,2,benefitFirstPayConvCls,1,,,,,,,,,,,,,,,8000003,2020-02-12 00:00:00,8000003,2020-06-05 19:15:35
4,02,20JUN31C002D1N313539,3,D1N,31C002,,1,,,,35,39,,,,,,,,,benefit,300000,disHsptUnlmtDaysSpPrv,2,benefitFirstPayConvCls,1,,,,,,,,,,,,,,,8000003,2020-02-12 00:00:00,8000003,2020-06-05 19:15:35
4,02,20JUN31C002D1N314044,3,D1N,31C002,,1,,,,40,44,,,,,,,,,benefit,300000,disHsptUnlmtDaysSpPrv,2,benefitFirstPayConvCls,1,,,,,,,,,,,,,,,8000003,2020-02-12 00:00:00,8000003,2020-06-05 19:15:35
4,02,20JUN31C002D1N314549,3,D1N,31C002,,1,,,,45,49,,,,,,,,,benefit,300000,disHsptUnlmtDaysSpPrv,2,benefitFirstPayConvCls,1,,,,,,,,,,,,,,,8000003,2020-02-12 00:00:00,8000003,2020-06-05 19:15:35
4,02,20JUN31C002D1N315054,3,D1N,31C002,,1,,,,50,54,,,,,,,,,benefit,300000,disHsptUnlmtDaysSpPrv,2,benefitFirstPayConvCls,1,,,,,,,,,,,,,,,8000003,2020-02-12 00:00:00,8000003,2020-06-05 19:15:35
4,02,20JUN31C002D1N315559,3,D1N,31C002,,1,,,,55,59,,,,,,,,,benefit,300000,disHsptUnlmtDaysSpPrv,2,benefitFirstPayConvCls,1,,,,,,,,,,,,,,,8000003,2020-02-12 00:00:00,8000003,2020-06-05 19:15:35
4,02,20JUN31C002D1N316064,3,D1N,31C002,,1,,,,60,64,,,,,,,,,benefit,300000,disHsptUnlmtDaysSpPrv,2,benefitFirstPayConvCls,1,,,,,,,,,,,,,,,8000003,2020-02-12 00:00:00,8000003,2020-06-05 19:15:35
4,02,20JUN31C002D1N316569,3,D1N,31C002,,1,,,,65,69,,,,,,,,,benefit,300000,disHsptUnlmtDaysSpPrv,2,benefitFirstPayConvCls,1,,,,,,,,,,,,,,,8000003,2020-02-12 00:00:00,8000003,2020-06-05 19:15:35
4,02,20JUN31C002D1N317074,3,D1N,31C002,,1,,,,70,74,,,,,,,,,benefit,300000,disHsptUnlmtDaysSpPrv,2,benefitFirstPayConvCls,1,,,,,,,,,,,,,,,8000003,2020-02-12 00:00:00,8000003,2020-06-05 19:15:35
4,02,20JUN31C002D1N317579,3,D1N,31C002,,1,,,,75,79,,,,,,,,,benefit,300000,disHsptUnlmtDaysSpPrv,2,benefitFirstPayConvCls,1,,,,,,,,,,,,,,,8000003,2020-02-12 00:00:00,8000003,2020-06-05 19:15:35
4,02,20JUN31C002D1N318085,3,D1N,31C002,,1,,,,80,85,,,,,,,,,benefit,300000,disHsptUnlmtDaysSpPrv,2,benefitFirstPayConvCls,1,,,,,,,,,,,,,,,8000003,2020-02-12 00:00:00,8000003,2020-06-05 19:15:35
4,02,20JUN03A00203A122024,1,03A,03A002,,2,,,,20,24,,,,,,,,,benefit,10000000,insurancePeriodClass,1,insurancePeriod,01000,,,,,,,,,,,,,,,8000003,2020-02-12 00:00:00,8000003,2020-06-05 19:15:35
4,02,20JUN03A00203A122529,1,03A,03A002,,2,,,,25,29,,,,,,,,,benefit,10000000,insurancePeriodClass,1,insurancePeriod,01000,,,,,,,,,,,,,,,8000003,2020-02-12 00:00:00,8000003,2020-06-05 19:15:35
4,02,20JUN03A00203A123034,1,03A,03A002,,2,,,,30,34,,,,,,,,,benefit,10000000,insurancePeriodClass,1,insurancePeriod,01000,,,,,,,,,,,,,,,8000003,2020-02-12 00:00:00,8000003,2020-06-05 19:15:35
4,02,20JUN03A00203A123539,1,03A,03A002,,2,,,,35,39,,,,,,,,,benefit,10000000,insurancePeriodClass,1,insurancePeriod,01000,,,,,,,,,,,,,,,8000003,2020-02-12 00:00:00,8000003,2020-06-05 19:15:35
4,02,20JUN03A00203A124044,1,03A,03A002,,2,,,,40,44,,,,,,,,,benefit,10000000,insurancePeriodClass,1,insurancePeriod,01000,,,,,,,,,,,,,,,8000003,2020-02-12 00:00:00,8000003,2020-06-05 19:15:35
4,02,20JUN03A00203A124549,1,03A,03A002,,2,,,,45,49,,,,,,,,,benefit,10000000,insurancePeriodClass,1,insurancePeriod,01000,,,,,,,,,,,,,,,8000003,2020-02-12 00:00:00,8000003,2020-06-05 19:15:35
4,02,20JUN03A00203A125054,1,03A,03A002,,2,,,,50,54,,,,,,,,,benefit,5000000,insurancePeriodClass,1,insurancePeriod,01000,,,,,,,,,,,,,,,8000003,2020-02-12 00:00:00,8000003,2020-06-05 19:15:35
4,02,20JUN03A00203A125559,1,03A,03A002,,2,,,,55,59,,,,,,,,,benefit,5000000,insurancePeriodClass,1,insurancePeriod,01000,,,,,,,,,,,,,,,8000003,2020-02-12 00:00:00,8000003,2020-06-05 19:15:35
4,02,20JUN03A00203A126064,1,03A,03A002,,2,,,,60,64,,,,,,,,,benefit,5000000,insurancePeriodClass,1,insurancePeriod,01000,,,,,,,,,,,,,,,8000003,2020-02-12 00:00:00,8000003,2020-06-05 19:15:35
4,02,20JUN03A00203A126569,1,03A,03A002,,2,,,,65,69,,,,,,,,,benefit,3000000,insurancePeriodClass,1,insurancePeriod,01000,,,,,,,,,,,,,,,8000003,2020-02-12 00:00:00,8000003,2020-06-05 19:15:35
4,02,20JUN03A00203A127075,1,03A,03A002,,2,,,,70,75,,,,,,,,,benefit,3000000,insurancePeriodClass,1,insurancePeriod,01000,,,,,,,,,,,,,,,8000003,2020-02-12 00:00:00,8000003,2020-06-05 19:15:35
4,02,20JUN03A00203A222024,2,03A,03A002,,2,,,,20,24,,,,,,,,,benefit,5000000,insurancePeriodClass,1,insurancePeriod,01000,,,,,,,,,,,,,,,8000003,2020-02-12 00:00:00,8000003,2020-06-05 19:15:35
4,02,20JUN03A00203A222529,2,03A,03A002,,2,,,,25,29,,,,,,,,,benefit,5000000,insurancePeriodClass,1,insurancePeriod,01000,,,,,,,,,,,,,,,8000003,2020-02-12 00:00:00,8000003,2020-06-05 19:15:35
4,02,20JUN03A00203A223034,2,03A,03A002,,2,,,,30,34,,,,,,,,,benefit,5000000,insurancePeriodClass,1,insurancePeriod,01000,,,,,,,,,,,,,,,8000003,2020-02-12 00:00:00,8000003,2020-06-05 19:15:35
4,02,20JUN03A00203A223539,2,03A,03A002,,2,,,,35,39,,,,,,,,,benefit,5000000,insurancePeriodClass,1,insurancePeriod,01000,,,,,,,,,,,,,,,8000003,2020-02-12 00:00:00,8000003,2020-06-05 19:15:35
4,02,20JUN03A00203A224044,2,03A,03A002,,2,,,,40,44,,,,,,,,,benefit,5000000,insurancePeriodClass,1,insurancePeriod,01000,,,,,,,,,,,,,,,8000003,2020-02-12 00:00:00,8000003,2020-06-05 19:15:35
4,02,20JUN03A00203A224549,2,03A,03A002,,2,,,,45,49,,,,,,,,,benefit,5000000,insurancePeriodClass,1,insurancePeriod,01000,,,,,,,,,,,,,,,8000003,2020-02-12 00:00:00,8000003,2020-06-05 19:15:35
4,02,20JUN03A00203A225054,2,03A,03A002,,2,,,,50,54,,,,,,,,,benefit,2000000,insurancePeriodClass,1,insurancePeriod,01000,,,,,,,,,,,,,,,8000003,2020-02-12 00:00:00,8000003,2020-06-05 19:15:35
4,02,20JUN03A00203A225559,2,03A,03A002,,2,,,,55,59,,,,,,,,,benefit,2000000,insurancePeriodClass,1,insurancePeriod,01000,,,,,,,,,,,,,,,8000003,2020-02-12 00:00:00,8000003,2020-06-05 19:15:35
4,02,20JUN03A00203A226064,2,03A,03A002,,2,,,,60,64,,,,,,,,,benefit,2000000,insurancePeriodClass,1,insurancePeriod,01000,,,,,,,,,,,,,,,8000003,2020-02-12 00:00:00,8000003,2020-06-05 19:15:35
4,02,20JUN03A00203A226569,2,03A,03A002,,2,,,,65,69,,,,,,,,,benefit,2000000,insurancePeriodClass,1,insurancePeriod,01000,,,,,,,,,,,,,,,8000003,2020-02-12 00:00:00,8000003,2020-06-05 19:15:35
4,02,20JUN03A00203A227075,2,03A,03A002,,2,,,,70,75,,,,,,,,,benefit,2000000,insurancePeriodClass,1,insurancePeriod,01000,,,,,,,,,,,,,,,8000003,2020-02-12 00:00:00,8000003,2020-06-05 19:15:35
4,02,20JUN03A00203A322024,3,03A,03A002,,2,,,,20,24,,,,,,,,,benefit,5000000,insurancePeriodClass,2,insurancePeriod,90,,,,,,,,,,,,,,,8000003,2020-02-12 00:00:00,8000003,2020-06-05 19:15:35
4,02,20JUN03A00203A322529,3,03A,03A002,,2,,,,25,29,,,,,,,,,benefit,5000000,insurancePeriodClass,2,insurancePeriod,90,,,,,,,,,,,,,,,8000003,2020-02-12 00:00:00,8000003,2020-06-05 19:15:35
4,02,20JUN03A00203A323034,3,03A,03A002,,2,,,,30,34,,,,,,,,,benefit,5000000,insurancePeriodClass,2,insurancePeriod,90,,,,,,,,,,,,,,,8000003,2020-02-12 00:00:00,8000003,2020-06-05 19:15:35
4,02,20JUN03A00203A323539,3,03A,03A002,,2,,,,35,39,,,,,,,,,benefit,5000000,insurancePeriodClass,2,insurancePeriod,90,,,,,,,,,,,,,,,8000003,2020-02-12 00:00:00,8000003,2020-06-05 19:15:35
4,02,20JUN03A00203A324044,3,03A,03A002,,2,,,,40,44,,,,,,,,,benefit,5000000,insurancePeriodClass,2,insurancePeriod,90,,,,,,,,,,,,,,,8000003,2020-02-12 00:00:00,8000003,2020-06-05 19:15:35
4,02,20JUN03A00203A324549,3,03A,03A002,,2,,,,45,49,,,,,,,,,benefit,5000000,insurancePeriodClass,2,insurancePeriod,90,,,,,,,,,,,,,,,8000003,2020-02-12 00:00:00,8000003,2020-06-05 19:15:35
4,02,20JUN03A00203A325054,3,03A,03A002,,2,,,,50,54,,,,,,,,,benefit,2000000,insurancePeriodClass,2,insurancePeriod,90,,,,,,,,,,,,,,,8000003,2020-02-12 00:00:00,8000003,2020-06-05 19:15:35
4,02,20JUN03A00203A325559,3,03A,03A002,,2,,,,55,59,,,,,,,,,benefit,2000000,insurancePeriodClass,2,insurancePeriod,90,,,,,,,,,,,,,,,8000003,2020-02-12 00:00:00,8000003,2020-06-05 19:15:35
4,02,20JUN03A00203A326064,3,03A,03A002,,2,,,,60,64,,,,,,,,,benefit,2000000,insurancePeriodClass,2,insurancePeriod,90,,,,,,,,,,,,,,,8000003,2020-02-12 00:00:00,8000003,2020-06-05 19:15:35
4,02,20JUN03A00203A326569,3,03A,03A002,,2,,,,65,69,,,,,,,,,benefit,2000000,insurancePeriodClass,2,insurancePeriod,90,,,,,,,,,,,,,,,8000003,2020-02-12 00:00:00,8000003,2020-06-05 19:15:35
4,02,20JUN03A00203A327075,3,03A,03A002,,2,,,,70,75,,,,,,,,,benefit,1000000,insurancePeriodClass,2,insurancePeriod,90,,,,,,,,,,,,,,,8000003,2020-02-12 00:00:00,8000003,2020-06-05 19:15:35
4,02,20JUN03A00203A112024,1,03A,03A002,,1,,,,20,24,,,,,,,,,benefit,10000000,insurancePeriodClass,1,insurancePeriod,01000,,,,,,,,,,,,,,,8000003,2020-02-12 00:00:00,8000003,2020-06-05 19:15:35
4,02,20JUN03A00203A112529,1,03A,03A002,,1,,,,25,29,,,,,,,,,benefit,10000000,insurancePeriodClass,1,insurancePeriod,01000,,,,,,,,,,,,,,,8000003,2020-02-12 00:00:00,8000003,2020-06-05 19:15:35
4,02,20JUN03A00203A113034,1,03A,03A002,,1,,,,30,34,,,,,,,,,benefit,10000000,insurancePeriodClass,1,insurancePeriod,01000,,,,,,,,,,,,,,,8000003,2020-02-12 00:00:00,8000003,2020-06-05 19:15:35
4,02,20JUN03A00203A113539,1,03A,03A002,,1,,,,35,39,,,,,,,,,benefit,10000000,insurancePeriodClass,1,insurancePeriod,01000,,,,,,,,,,,,,,,8000003,2020-02-12 00:00:00,8000003,2020-06-05 19:15:35
4,02,20JUN03A00203A114044,1,03A,03A002,,1,,,,40,44,,,,,,,,,benefit,10000000,insurancePeriodClass,1,insurancePeriod,01000,,,,,,,,,,,,,,,8000003,2020-02-12 00:00:00,8000003,2020-06-05 19:15:35
4,02,20JUN03A00203A114549,1,03A,03A002,,1,,,,45,49,,,,,,,,,benefit,10000000,insurancePeriodClass,1,insurancePeriod,01000,,,,,,,,,,,,,,,8000003,2020-02-12 00:00:00,8000003,2020-06-05 19:15:35
4,02,20JUN03A00203A115054,1,03A,03A002,,1,,,,50,54,,,,,,,,,benefit,5000000,insurancePeriodClass,1,insurancePeriod,01000,,,,,,,,,,,,,,,8000003,2020-02-12 00:00:00,8000003,2020-06-05 19:15:35
4,02,20JUN03A00203A115559,1,03A,03A002,,1,,,,55,59,,,,,,,,,benefit,5000000,insurancePeriodClass,1,insurancePeriod,01000,,,,,,,,,,,,,,,8000003,2020-02-12 00:00:00,8000003,2020-06-05 19:15:35
4,02,20JUN03A00203A116064,1,03A,03A002,,1,,,,60,64,,,,,,,,,benefit,5000000,insurancePeriodClass,1,insurancePeriod,01000,,,,,,,,,,,,,,,8000003,2020-02-12 00:00:00,8000003,2020-06-05 19:15:35
4,02,20JUN03A00203A116569,1,03A,03A002,,1,,,,65,69,,,,,,,,,benefit,3000000,insurancePeriodClass,1,insurancePeriod,01000,,,,,,,,,,,,,,,8000003,2020-02-12 00:00:00,8000003,2020-06-05 19:15:35
4,02,20JUN03A00203A117075,1,03A,03A002,,1,,,,70,75,,,,,,,,,benefit,3000000,insurancePeriodClass,1,insurancePeriod,01000,,,,,,,,,,,,,,,8000003,2020-02-12 00:00:00,8000003,2020-06-05 19:15:35
4,02,20JUN03A00203A212024,2,03A,03A002,,1,,,,20,24,,,,,,,,,benefit,5000000,insurancePeriodClass,1,insurancePeriod,01000,,,,,,,,,,,,,,,8000003,2020-02-12 00:00:00,8000003,2020-06-05 19:15:35
4,02,20JUN03A00203A212529,2,03A,03A002,,1,,,,25,29,,,,,,,,,benefit,5000000,insurancePeriodClass,1,insurancePeriod,01000,,,,,,,,,,,,,,,8000003,2020-02-12 00:00:00,8000003,2020-06-05 19:15:35
4,02,20JUN03A00203A213034,2,03A,03A002,,1,,,,30,34,,,,,,,,,benefit,5000000,insurancePeriodClass,1,insurancePeriod,01000,,,,,,,,,,,,,,,8000003,2020-02-12 00:00:00,8000003,2020-06-05 19:15:35
4,02,20JUN03A00203A213539,2,03A,03A002,,1,,,,35,39,,,,,,,,,benefit,5000000,insurancePeriodClass,1,insurancePeriod,01000,,,,,,,,,,,,,,,8000003,2020-02-12 00:00:00,8000003,2020-06-05 19:15:35
4,02,20JUN03A00203A214044,2,03A,03A002,,1,,,,40,44,,,,,,,,,benefit,5000000,insurancePeriodClass,1,insurancePeriod,01000,,,,,,,,,,,,,,,8000003,2020-02-12 00:00:00,8000003,2020-06-05 19:15:35
4,02,20JUN03A00203A214549,2,03A,03A002,,1,,,,45,49,,,,,,,,,benefit,5000000,insurancePeriodClass,1,insurancePeriod,01000,,,,,,,,,,,,,,,8000003,2020-02-12 00:00:00,8000003,2020-06-05 19:15:35
4,02,20JUN03A00203A215054,2,03A,03A002,,1,,,,50,54,,,,,,,,,benefit,2000000,insurancePeriodClass,1,insurancePeriod,01000,,,,,,,,,,,,,,,8000003,2020-02-12 00:00:00,8000003,2020-06-05 19:15:35
4,02,20JUN03A00203A215559,2,03A,03A002,,1,,,,55,59,,,,,,,,,benefit,2000000,insurancePeriodClass,1,insurancePeriod,01000,,,,,,,,,,,,,,,8000003,2020-02-12 00:00:00,8000003,2020-06-05 19:15:35
4,02,20JUN03A00203A216064,2,03A,03A002,,1,,,,60,64,,,,,,,,,benefit,2000000,insurancePeriodClass,1,insurancePeriod,01000,,,,,,,,,,,,,,,8000003,2020-02-12 00:00:00,8000003,2020-06-05 19:15:35
4,02,20JUN03A00203A216569,2,03A,03A002,,1,,,,65,69,,,,,,,,,benefit,2000000,insurancePeriodClass,1,insurancePeriod,01000,,,,,,,,,,,,,,,8000003,2020-02-12 00:00:00,8000003,2020-06-05 19:15:35
4,02,20JUN03A00203A217075,2,03A,03A002,,1,,,,70,75,,,,,,,,,benefit,2000000,insurancePeriodClass,1,insurancePeriod,01000,,,,,,,,,,,,,,,8000003,2020-02-12 00:00:00,8000003,2020-06-05 19:15:35
4,02,20JUN03A00203A312024,3,03A,03A002,,1,,,,20,24,,,,,,,,,benefit,5000000,insurancePeriodClass,2,insurancePeriod,90,,,,,,,,,,,,,,,8000003,2020-02-12 00:00:00,8000003,2020-06-05 19:15:35
4,02,20JUN03A00203A312529,3,03A,03A002,,1,,,,25,29,,,,,,,,,benefit,5000000,insurancePeriodClass,2,insurancePeriod,90,,,,,,,,,,,,,,,8000003,2020-02-12 00:00:00,8000003,2020-06-05 19:15:35
4,02,20JUN03A00203A313034,3,03A,03A002,,1,,,,30,34,,,,,,,,,benefit,5000000,insurancePeriodClass,2,insurancePeriod,90,,,,,,,,,,,,,,,8000003,2020-02-12 00:00:00,8000003,2020-06-05 19:15:35
4,02,20JUN03A00203A313539,3,03A,03A002,,1,,,,35,39,,,,,,,,,benefit,5000000,insurancePeriodClass,2,insurancePeriod,90,,,,,,,,,,,,,,,8000003,2020-02-12 00:00:00,8000003,2020-06-05 19:15:35
4,02,20JUN03A00203A314044,3,03A,03A002,,1,,,,40,44,,,,,,,,,benefit,5000000,insurancePeriodClass,2,insurancePeriod,90,,,,,,,,,,,,,,,8000003,2020-02-12 00:00:00,8000003,2020-06-05 19:15:35
4,02,20JUN03A00203A314549,3,03A,03A002,,1,,,,45,49,,,,,,,,,benefit,5000000,insurancePeriodClass,2,insurancePeriod,90,,,,,,,,,,,,,,,8000003,2020-02-12 00:00:00,8000003,2020-06-05 19:15:35
4,02,20JUN03A00203A315054,3,03A,03A002,,1,,,,50,54,,,,,,,,,benefit,2000000,insurancePeriodClass,2,insurancePeriod,90,,,,,,,,,,,,,,,8000003,2020-02-12 00:00:00,8000003,2020-06-05 19:15:35
4,02,20JUN03A00203A315559,3,03A,03A002,,1,,,,55,59,,,,,,,,,benefit,2000000,insurancePeriodClass,2,insurancePeriod,90,,,,,,,,,,,,,,,8000003,2020-02-12 00:00:00,8000003,2020-06-05 19:15:35
4,02,20JUN03A00203A316064,3,03A,03A002,,1,,,,60,64,,,,,,,,,benefit,2000000,insurancePeriodClass,2,insurancePeriod,90,,,,,,,,,,,,,,,8000003,2020-02-12 00:00:00,8000003,2020-06-05 19:15:35
4,02,20JUN03A00203A316569,3,03A,03A002,,1,,,,65,69,,,,,,,,,benefit,2000000,insurancePeriodClass,2,insurancePeriod,90,,,,,,,,,,,,,,,8000003,2020-02-12 00:00:00,8000003,2020-06-05 19:15:35
4,02,20JUN03A00203A317075,3,03A,03A002,,1,,,,70,75,,,,,,,,,benefit,1000000,insurancePeriodClass,2,insurancePeriod,90,,,,,,,,,,,,,,,8000003,2020-02-12 00:00:00,8000003,2020-06-05 19:15:35
